key	english	dari	pashto	flag
app.name	VELRO	ولرو	ولرو	
app.tagline	Book a seat. Travel with confidence.	چوکی رزرو کنید. با اطمینان سفر کنید.	چوکۍ ونیسئ. په ډاډ سره سفر وکړئ.	
app.tagline.driver	Find passengers. Drive with confidence.	مسافر پیدا کنید. با اطمینان رانندگی کنید.	مسافر پیدا کړئ. په ډاډه زړه موټر وچلوئ.	
error.validation_failed	Please check the information you entered.	لطفاً معلومات وارد شده را بررسی کنید.	مهرباني وکړئ، ورکړل شوي معلومات وګورئ.	
error.phone_invalid	That phone number does not look right.	این شماره تیلفون درست معلوم نمی‌شود.	دا د تلیفون شمېره سمه نه ښکاري.	
error.locale_unsupported	That language is not available yet.	این زبان فعلاً موجود نیست.	دا ژبه لا نه ده چمتو.	
error.otp_invalid	That code is not correct. {attempts_remaining} attempts left.	کود درست نیست. {attempts_remaining} کوشش باقی مانده است.	دا کوډ سم نه دی. {attempts_remaining} هڅې پاتې دي.	
error.otp_expired	That code has expired. Request a new one.	وقت این کود تمام شده است. کود نو بخواهید.	د دې کوډ موده پای ته رسېدلې ده. نوی کوډ وغواړئ.	
error.otp_attempts_exceeded	Too many incorrect codes. Request a new one.	کودهای نادرست زیاد شد. کود نو بخواهید.	ناسم کوډونه ډېر ځله داخل شوي. نوی کوډ وغواړئ.	
error.otp_rate_limited	Please wait {retry_after_seconds} seconds before asking for another code.	لطفاً {retry_after_seconds} ثانیه صبر کنید و بعد کود نو بخواهید.	مهرباني وکړئ د بل کوډ له غوښتلو مخکې {retry_after_seconds} ثانیې انتظار وکړئ.	
error.otp_already_consumed	That code has already been used.	این کود قبلاً استفاده شده است.	دا کوډ مخکې کارول شوی دی.	
error.token_invalid	Please sign in again.	لطفاً دوباره داخل شوید.	مهرباني وکړئ، بیا ننوځئ.	
error.token_expired	Your session has ended. Please sign in again.	وقت نشست شما تمام شد. لطفاً دوباره داخل شوید.	ستاسو ناسته پای ته ورسېده. بیا ننوځئ.	
error.refresh_token_revoked	You have been signed out. Please sign in again.	از حساب برآمده‌اید. لطفاً دوباره داخل شوید.	له حسابه وتلي یاست. بیا ننوځئ.	
error.user_not_found	No account found for that number.	برای این شماره حسابی یافت نشد.	د دې شمېرې لپاره حساب ونه موندل شو.	
error.user_suspended	This account is suspended. Contact support.	این حساب بند است. با پشتیبانی تماس بگیرید.	دا حساب بند دی. له ملاتړ سره اړیکه ونیسئ.	
error.permission_denied	You do not have permission to do that.	شما اجازه این کار را ندارید.	تاسو د دې کار اجازه نه لرئ.	
error.account_has_active_booking	You have a seat booked. Cancel it, or finish the trip, before deleting your account.	شما یک چوکی رزرو شده دارید. پیش از حذف حساب، آن را لغو کنید یا سفر را تمام کنید.	تاسو یوه نیول شوې چوکۍ لرئ. د حساب له ړنګولو مخکې یې لغوه کړئ یا سفر پای ته ورسوئ.	new — please check the Pashto
error.account_has_active_trip	You are driving a trip. Finish it before deleting your account.	شما یک سفر را رانندگی می‌کنید. پیش از حذف حساب، آن را تمام کنید.	تاسو اوس یو سفر چلوئ. د حساب له ړنګولو مخکې یې پای ته ورسوئ.	new — please check the Pashto
error.account_staff_undeletable	This account opens the office console. Another administrator must close it.	این حساب کنسول دفتر را باز می‌کند. مدیر دیگری باید آن را ببندد.	دا حساب د دفتر کنسول پرانیزي. بل مدیر باید دا وتړي.	new — please check the Pashto
error.province_not_found	That province was not found.	این ولایت یافت نشد.	دا ولایت ونه موندل شو.	
error.district_not_found	That district was not found.	این ولسوالی یافت نشد.	دا ولسوالي ونه موندل شوه.	
error.village_not_found	That village was not found.	این قریه یافت نشد.	دا کلی ونه موندل شو.	
error.village_code_taken	A village already uses the code {code}.	کود {code} قبلاً برای قریه دیگری ثبت است.	د {code} کوډ لا دمخه د یوه بل کلي لپاره کارول شوی دی.	
error.station_not_found	That station was not found.	این ایستگاه یافت نشد.	هغه تم ځای ونه موندل شو.	
error.station_disabled	That station is not in service right now.	این ایستگاه فعلاً فعال نیست.	هغه تم ځای اوس مهال فعال نه دی.	
error.destination_not_found	That destination was not found.	این مقصد یافت نشد.	دا منزل ونه موندل شو.	
error.destination_disabled	That destination is not available right now.	این مقصد فعلاً موجود نیست.	دا منزل اوس نشته.	
error.destination_cycle	That destination cannot contain itself.	یک مقصد نمی‌تواند شامل خودش باشد.	یو منزل خپل ځان نشي رانغاړلی.	
error.import_file_unreadable	The file could not be read. Check the format and try again.	فایل خوانده نشد. فارمت را بررسی و دوباره کوشش کنید.	فایل ولوستل نشو. بڼه یې وګورئ او بیا هڅه وکړئ.	
error.import_column_missing	The column {column} is missing from the file.	ستون {column} در فایل موجود نیست.	په فایل کې د {column} ستون نشته.	
error.import_row_invalid	Row {row} could not be read.	سطر {row} خوانده نشد.	کرښه {row} ونه لوستل شوه.	
error.import_duplicate_detected	{count} possible duplicates need review.	{count} مورد احتمالی تکراری نیاز به بررسی دارد.	{count} احتمالي تکراري موارد کتنې ته اړتیا لري.	
error.import_already_committed	This import has already been applied.	این وارد کردن قبلاً تطبیق شده است.	دا واردول مخکې تطبیق شوي دي.	
error.import_not_previewed	Review the preview before applying this import.	قبل از تطبیق، پیش‌نمایش را بررسی کنید.	له تطبیق مخکې مخکتنه وګورئ.	
error.route_not_found	That route was not found.	این مسیر یافت نشد.	دا لار ونه موندل شوه.	
error.route_disabled	That route is not in service right now.	این مسیر فعلاً فعال نیست.	دا لار اوس فعاله نه ده.	
error.route_not_resolvable	No vehicle travels between those two places.	بین این دو محل موتری رفت‌وآمد نمی‌کند.	د دغو دوو ځایونو ترمنځ هېڅ موټر تګ راتګ نه کوي.	
error.route_stops_out_of_order	The stops are not in travelling order.	ترتیب ایستگاه‌ها درست نیست.	د تم ځایونو ترتیب د سفر له ترتیب سره سم نه دی.	
error.route_template_scope_empty	No stations exist for this template yet.	برای این نمونه هنوز ایستگاهی موجود نیست.	تر اوسه د دې نمونې لپاره هېڅ تم ځای نشته.	
error.fare_not_configured	No price has been set for this trip yet.	برای این سفر هنوز کرایه تعیین نشده است.	د دې سفر لپاره لا کرایه نه ده ټاکل شوې.	
error.fare_negative	A price cannot be less than zero.	کرایه نمی‌تواند کمتر از صفر باشد.	کرایه له صفر څخه کمه نشي کېدای.	
error.driver_not_found	That driver was not found.	این راننده یافت نشد.	هغه چلوونکی ونه موندل شو.	
error.driver_not_approved	This account has not been approved yet.	این حساب هنوز تأیید نشده است.	دا حساب لا نه دی تصویب شوی.	
error.driver_suspended	This driver account is suspended.	حساب این راننده بند است.	د دې چلوونکي حساب ځنډول شوی دی.	
error.driver_offline	You need to go online first.	اول باید آنلاین شوید.	لومړی باید آنلاین شئ.	
error.driver_already_on_trip	You are already on a trip.	شما همین حالا در یک سفر هستید.	تاسو همدا اوس په یوه سفر کې یاست.	
error.driver_documents_incomplete	Some documents are still missing.	بعضی اسناد هنوز کم است.	ځینې اسناد لا کم دي.	
error.vehicle_not_found	No vehicle is registered to this account.	برای این حساب موتری ثبت نشده است.	د دې حساب لپاره هېڅ موټر ثبت شوی نه دی.	
error.vehicle_suspended	This vehicle is not approved for service.	این موتر برای کار تأیید نیست.	دا موټر د خدمت لپاره منظور شوی نه دی.	
error.vehicle_plate_taken	That number plate is already registered.	این نمبر پلیت قبلاً ثبت شده است.	د پلېټ دا شمېره لا دمخه ثبت شوې ده.	
error.vehicle_capacity_invalid	The number of seats is not valid.	تعداد چوکی‌ها درست نیست.	د چوکیو شمېر سم نه دی.	
error.trip_not_found	That trip was not found.	این سفر یافت نشد.	دا سفر ونه موندل شو.	
error.trip_invalid_transition	That change is not possible right now.	این تغییر فعلاً ممکن نیست.	دا بدلون اوس ممکن نه دی.	
error.trip_seats_unavailable	Only {available} seats are left on this trip.	تنها {available} چوکی در این سفر باقی است.	په دې سفر کې یوازې {available} چوکۍ پاتې دي.	
error.trip_capacity_exceeded	This vehicle does not have that many seats.	این موتر این تعداد چوکی ندارد.	په دې موټر کې دومره څوکۍ نشته.	
error.trip_departed	This trip has already left.	این سفر قبلاً حرکت کرده است.	دا سفر مخکې روان شوی دی.	
error.trip_cancelled	This trip was cancelled.	این سفر لغو شده است.	دا سفر لغوه شوی دی.	
error.trip_no_driver_available	No driver is available right now. Please try again shortly.	فعلاً راننده موجود نیست. کمی بعد دوباره کوشش کنید.	اوس مهال هېڅ چلوونکی نشته. لږ وروسته بیا هڅه وکړئ.	
error.trip_driver_already_assigned	Another driver has already taken this trip.	راننده دیگری این سفر را گرفته است.	بل چلوونکي لا دمخه دا سفر اخیستی دی.	
error.booking_not_found	That booking was not found.	این رزرو یافت نشد.	هغه ریزرف ونه موندل شو.	
error.booking_invalid_transition	That change is not possible right now.	این تغییر فعلاً ممکن نیست.	دا بدلون اوس ممکن نه دی.	
error.booking_already_cancelled	This booking was already cancelled.	این رزرو قبلاً لغو شده است.	دا ریزرف مخکې لغوه شوی دی.	
error.booking_not_cancellable	This booking can no longer be cancelled.	این رزرو دیگر لغو شده نمی‌تواند.	دا ریزرف نور لغوه کېدای نه شي.	
error.booking_verification_failed	That code does not match any passenger on this trip.	این کود با هیچ مسافر این سفر مطابقت ندارد.	دا کوډ د دې سفر له هېڅ مسافر سره سمون نه خوري.	
error.booking_limit_reached	You already have {maximum} active bookings.	شما {maximum} رزرو فعال دارید.	تاسو لا دمخه {maximum} فعال ریزرفونه لرئ.	
error.booking_seat_count_invalid	You can book between 1 and {maximum} seats.	از ۱ تا {maximum} چوکی رزرو کرده می‌توانید.	تاسو له ۱ څخه تر {maximum} څوکیو پورې ریزرف کولی شئ.	
error.booking_stops_out_of_order	The pick-up must come before the drop-off.	محل سوارشدن باید پیش از محل پیاده‌شدن باشد.	د سپرېدو ځای باید د کښېوتلو له ځای مخکې وي.	
error.payment_not_found	That payment was not found.	این پرداخت یافت نشد.	دا تادیه ونه موندل شوه.	
error.payment_already_collected	This fare has already been paid.	این کرایه قبلاً پرداخت شده است.	دا کرایه مخکې ورکړل شوې ده.	
error.commission_rate_invalid	The commission rate is not valid.	فیصدی کمیشن درست نیست.	د کمیشن سلنه سمه نه ده.	
error.wallet_not_found	No wallet was found for this driver.	برای این راننده کیف پولی یافت نشد.	د دې چلوونکي لپاره بټوه ونه موندل شوه.	
error.wallet_insufficient_balance	The balance is not enough.	بیلانس کافی نیست.	بیلانس کافي نه دی.	
error.settlement_invalid_transition	That settlement change is not possible.	این تغییر در تصفیه ممکن نیست.	په تصفیه کې دا بدلون ممکن نه دی.	
error.rating_out_of_range	Choose between 1 and 5 stars.	از ۱ تا ۵ ستاره انتخاب کنید.	له ۱ څخه تر ۵ ستورو پورې وټاکئ.	
error.rating_already_submitted	You have already rated this trip.	شما این سفر را قبلاً امتیاز داده‌اید.	تاسو دې سفر ته مخکې ستوری ورکړی دی.	
error.rating_trip_not_completed	You can rate a trip once it is finished.	پس از ختم سفر امتیاز داده می‌توانید.	تاسو هغه وخت سفر ته ستوری ورکولی شئ چې سفر پای ته ورسېږي.	
error.ticket_not_found	That request was not found.	این درخواست یافت نشد.	دا غوښتنه ونه موندل شوه.	
error.ticket_closed	This request is closed.	این درخواست بسته شده است.	دا غوښتنه تړل شوې ده.	
error.setting_not_found	A required setting is missing.	یک تنظیم ضروری موجود نیست.	یوه اړینه تنظیم نشته.	
error.setting_type_invalid	A setting has the wrong type.	نوع یک تنظیم درست نیست.	د یوې تنظیم ډول سم نه دی.	
error.idempotency_key_reused	This request was already sent with different details.	این درخواست قبلاً با معلومات دیگری فرستاده شده بود.	دا غوښتنه مخکې په بېلو معلوماتو سره لېږل شوې وه.	
error.concurrent_modification	Someone else changed this. Please try again.	کسی دیگر این را تغییر داد. دوباره کوشش کنید.	بل چا دا بدل کړ. بیا هڅه وکړئ.	
error.rate_limited	Too many requests. Please wait a moment.	درخواست‌ها زیاد شد. کمی صبر کنید.	غوښتنې ډېرې شوې. لږ انتظار وکړئ.	
error.sequence_exhausted	Numbering for this year is exhausted.	شماره‌گذاری این سال تمام شده است.	د دې کال شمېرنه پای ته رسېدلې ده.	
error.storage_unavailable	Files cannot be saved right now.	فعلاً فایل ذخیره شده نمی‌تواند.	اوس مهال فایلونه نه شي زېرمه کېدای.	
error.sms_delivery_failed	The message could not be sent.	پیام فرستاده نشد.	پیغام ونه لېږل شو.	
error.push_delivery_failed	The notification could not be delivered.	خبرنامه نرسید.	خبرتیا ونه رسېده.	
error.internal_error	Something did not work. Please try again.	کار درست نشد. لطفاً دوباره کوشش کنید.	کار سم نه شو. مهرباني وکړئ بیا هڅه وکړئ.	
error.network_offline	Your connection is weak. Please try again.	اتصال انترنت ضعیف است. دوباره کوشش کنید.	ستاسو د انټرنیټ اړیکه کمزورې ده. بیا هڅه وکړئ.	
auth.sms.otp	Your VELRO code is {code}. It expires in {ttl_minutes} minutes.	کود ولرو شما {code} است. تا {ttl_minutes} دقیقه اعتبار دارد.	ستاسو د ولرو کوډ {code} دی. دا کوډ تر {ttl_minutes} دقیقو پورې اعتبار لري.	
auth.title.sign_in	Sign in	ورود	ننوتل	
auth.field.phone	Phone number	شماره تیلفون	د تلیفون شمېره	
auth.field.code	Verification code	کود تأیید	د تایید کوډ	
auth.hint.code_sent	A verification code was sent to this number	کود تأیید به این شماره فرستاده شد	د تایید کوډ دې شمېرې ته ولېږل شو.	
auth.action.send_code	Send code	ارسال کود	کوډ ولېږئ	
auth.action.resend_code	Send again	ارسال دوباره	بیا ولېږئ	
auth.action.resend_code_in	Send again in {seconds}s	ارسال دوباره پس از {seconds} ثانیه	{seconds} ثانیې وروسته بیا ولېږئ	
auth.action.sign_in	Sign in	داخل شوید	ننوځئ	
auth.action.sign_out	Sign out	برآمدن	وتل	
auth.action.sign_out_all	Sign out of all devices	برآمدن از همه دستگاه‌ها	له ټولو وسایلو وتل	
home.question.from	Where are you travelling from?	از کجا می‌روید؟	له کوم ځایه ځئ؟	
home.question.to	Where are you going?	به کجا می‌روید؟	کوم ځای ته ځئ؟	
home.question.when	When?	چه وقت؟	کله؟	
home.question.passengers	Passengers	تعداد مسافر	د مسافرو شمېر	
home.action.search	Find a vehicle	جستجوی موتر	موټر پیدا کړئ	
home.value.now	Now	همین حالا	همدا اوس	
home.section.recent_trips	Recent trips	سفرهای اخیر	وروستي سفرونه	
home.section.upcoming	Upcoming booking	رزرو پیش‌رو	راتلونکی ریزرف	
home.section.saved_stations	Saved stations	ایستگاه‌های ذخیره‌شده	زېرمه شوي تم ځایونه	
location.action.search	Search	جستجو	لټون	
location.action.browse	Browse	مرور	کتل	
location.action.nearby	Nearby	نزدیک من	زما نږدې	
location.label.district	District	ولسوالی	ولسوالي	
location.label.village	Village	قریه	کلی	
location.label.station	Station	ایستگاه	تم ځای	
location.label.origin	Pick-up	محل سوارشدن	د سپرېدو ځای	
location.label.destination	Destination	مقصد	منزل	
location.hint.search	Type a village or station name	نام قریه یا ایستگاه را بنویسید	د کلي یا تم ځای نوم ولیکئ	
location.distance.metres	{distance} m away	{distance} متر فاصله	{distance} متره واټن	
location.distance.kilometres	{distance} km away	{distance} کیلومتر فاصله	{distance} کیلومتره واټن	
ride.kind.private	Private vehicle	موتر اختصاصی	ځانګړی موټر	
ride.kind.shared	Shared seat	چوکی مشترک	ګډه چوکۍ	
ride.kind.scheduled	Booked for later	رزرو برای بعد	د وروسته لپاره ریزرف	
ride.label.seats_available	{count} of {capacity} seats left	{count} از {capacity} چوکی باقی است	له {capacity} څخه {count} چوکۍ پاتې دي	
ride.label.departs_at	Departs {time}	حرکت {time}	د تګ وخت {time}	
ride.label.fare	Fare	کرایه	کرایه	
ride.label.fare_per_seat	Per seat	فی چوکی	فی چوکۍ	
ride.action.request	Request vehicle	درخواست موتر	د موټر غوښتنه وکړئ	
ride.action.book_seat	Book a seat	رزرو چوکی	یوه څوکۍ ریزرف کړئ	
ride.action.confirm	Confirm booking	تأیید رزرو	ریزرف تایید کړئ	
booking.title	Booking	رزرو	ریزرف	
booking.label.number	Booking number	نمبر رزرو	د ریزرف شمېره	
booking.label.seat	Seat	چوکی	چوکۍ	
booking.label.code	Boarding code	کود سوارشدن	د سپرېدو کوډ	
booking.hint.code	Show this code to the driver.	این کود را به راننده نشان بدهید.	دا کوډ چلوونکي ته وښایئ.	
booking.action.cancel	Cancel booking	لغو رزرو	ریزرف لغوه کړئ	
booking.confirm.cancel	Cancel this booking?	این رزرو لغو شود؟	دا ریزرف لغوه شي؟	
booking.status.pending	Pending	در انتظار	په انتظار کې	
booking.status.confirmed	Confirmed	تأییدشده	تایید شوی	
booking.status.driver_assigned	Driver assigned	راننده تعیین شد	چلوونکی وټاکل شو	
booking.status.ready	Ready to board	آماده سوارشدن	د سپرېدو لپاره چمتو	
booking.status.onboard	On board	در موتر	په موټر کې	
booking.status.completed	Completed	تکمیل‌شده	بشپړ شوی	
booking.status.cancelled	Cancelled	لغوشده	لغوه شوی	
booking.status.no_show	Did not travel	سفر نکرد	سفر یې ونه کړ	
trip.status.scheduled	Scheduled	پلان‌شده	پلان شوی	
trip.status.requested	Finding a driver	در جستجوی راننده	د چلوونکي په لټه کې	
trip.status.driver_assigned	Driver assigned	راننده تعیین شد	چلوونکی وټاکل شو	
trip.status.driver_arriving	Driver on the way	راننده در راه است	چلوونکی په لاره کې دی	
trip.status.arrived_at_pickup	Driver has arrived	راننده رسید	چلوونکی راورسېد	
trip.status.boarding	Boarding	سوارشدن	سپرېدل	
trip.status.in_transit	On the way	در راه	په لار کې	
trip.status.arrived	Arrived	رسید	ورسېد	
trip.status.completed	Completed	تکمیل‌شده	بشپړ شوی	
trip.status.cancelled	Cancelled	لغوشده	لغوه شوی	
trip.status.expired	Expired	وقت گذشته	وخت تېر	
trip.status.no_driver_available	No driver found	راننده پیدا نشد	چلوونکی ونه موندل شو	
trip.label.driver	Driver	راننده	چلوونکی	
trip.label.vehicle	Vehicle	موتر	موټر	
trip.label.plate	Number plate	نمبر پلیت	د پلېټ شمېره	
trip.label.eta	Arriving in {minutes} minutes	تا {minutes} دقیقه می‌رسد	تر {minutes} دقیقو پورې رسېږي	
trip.action.call_driver	Call driver	تماس با راننده	چلوونکي ته زنګ ووهئ	
trip.action.share	Share trip	شریک‌سازی سفر	سفر شریکول	
trip.action.emergency	Emergency	اضطراری	بيړني حالت	
trip.emergency.call	Emergency call	تماس اضطراری	بيړنی زنګ	
trip.emergency.support	Call support	تماس با پشتیبانی	ملاتړ ته زنګ	
trip.emergency.report	Report a safety problem	راپور مشکل امنیتی	د امنیتي ستونزې راپور	
driver.greeting	Hello, {name}	سلام، {name}	سلام، {name}	
driver.status.online	Online	آنلاین	آنلاین	
driver.status.offline	Offline	آفلاین	آفلاین	
driver.section.requests	New requests	درخواست‌های نو	نوې غوښتنې	
driver.section.today_trips	Today's trips	سفرهای امروز	د نن ورځې سفرونه	
driver.section.today_earnings	Today's earnings	درآمد امروز	د نن ورځې عاید	
driver.action.accept	Accept	قبول	منل	
driver.action.decline	Decline	رد	ردول	
driver.action.on_my_way	On my way	در راه هستم	پر لار یم	
driver.action.start_boarding	Start boarding	شروع سوارشدن	سپرېدل پیل کړئ	
driver.action.arrived_destination	Arrived at destination	به مقصد رسیدم	منزل ته ورسېدم	
driver.action.arrived	I have arrived	رسیدم	ورسېدم	
driver.action.start_trip	Start trip	شروع سفر	سفر پیل کړئ	
driver.action.complete_trip	Complete trip	ختم سفر	سفر بشپړ کړئ	
driver.action.verify_passenger	Check passenger code	بررسی کود مسافر	د مسافر کوډ وګورئ	
driver.label.pickup	Pick-up	محل سوارشدن	د سپرېدو ځای	
driver.label.destination	Destination	مقصد	منزل	
driver.label.passengers	Passengers	مسافران	مسافر	
driver.pending.title	Waiting for approval	در انتظار تأیید	د تصویب په انتظار	
driver.pending.body	You can start work once your documents are approved.	پس از تأیید اسناد، کار را شروع کرده می‌توانید.	د اسنادو له تصویب وروسته کار پیلولی شئ.	
earnings.title	Earnings	درآمد	عاید	
earnings.label.available	Available	قابل برداشت	د اخیستلو وړ	
earnings.label.pending	Pending	در جریان	په جریان کې	
earnings.label.lifetime	Total earned	مجموع درآمد	ټول عاید	
earnings.label.commission	VELRO commission	کمیشن ولرو	د ولرو کمیشن	
earnings.label.trips	Completed trips	سفرهای تکمیل‌شده	بشپړ شوي سفرونه	
rating.title	Rate your trip	به سفر خود امتیاز بدهید	خپل سفر ته ستوری ورکړئ	
rating.hint	How was it?	سفر چطور بود؟	سفر څنګه و؟	
rating.action.submit	Submit	ثبت	ثبت	
rating.action.skip	Skip	بعداً	وروسته	
rating.field.comment	Add a comment (optional)	نظر خود را بنویسید (اختیاری)	خپل نظر ولیکئ (اختیاري)	
cancel.reason.passenger_cancelled	I changed my plans	پلان خود را تغییر دادم	خپل پلان مې بدل کړ	
cancel.reason.driver_cancelled	The driver cancelled	راننده لغو کرد	چلوونکي سفر لغوه کړ	
cancel.reason.no_driver_available	No driver was available	راننده موجود نبود	هېڅ چلوونکی موجود نه و	
cancel.reason.vehicle_problem	Vehicle problem	مشکل موتر	د موټر ستونزه	
cancel.reason.weather	Weather	هوا	هوا	
cancel.reason.admin_cancelled	Cancelled by VELRO	لغو توسط ولرو	د ولرو لخوا لغوه	
cancel.reason.other	Other	دیگر	بل	
vehicle_type.sedan	Sedan	سیدان	سیدان	
vehicle_type.suv	SUV	جیپ	جیپ	
vehicle_type.van	Van	ون	ون	
vehicle_type.hiace	Hiace	هایس	هایس	
vehicle_type.bus	Bus	بس	بس	
vehicle_type.other	Other	دیگر	بل	
role.super_admin	Super administrator	مدیر ارشد	لوی مدیر	
role.admin	Administrator	مدیر	مدیر	
role.operations_manager	Operations manager	مدیر عملیات	د عملیاتو مدیر	
role.dispatcher	Dispatcher	دسپچر	دسپچر	
role.finance_manager	Finance manager	مدیر مالی	د مالي چارو مدیر	
role.support_agent	Support agent	کارمند پشتیبانی	د ملاتړ کارکوونکی	
role.driver	Driver	راننده	چلوونکی	
role.passenger	Passenger	مسافر	مسافر	
empty.trips	No trips yet.	هنوز سفری ثبت نشده است.	لا هیڅ سفر نشته.	
empty.bookings	No bookings yet.	هنوز رزروی ثبت نشده است.	تر اوسه هېڅ ریزرف نشته.	
empty.search_results	No vehicles found for this route and time.	برای این مسیر و وقت موتری یافت نشد.	د دې لارې او وخت لپاره هېڅ موټر ونه موندل شو.	
empty.notifications	No notifications.	خبرنامه‌ای نیست.	هیڅ خبرتیا نشته.	
empty.earnings	No earnings yet.	هنوز درآمدی نیست.	لا هیڅ عاید نشته.	
empty.stations	No stations listed for this village yet.	برای این قریه هنوز ایستگاهی ثبت نشده است.	د دې کلي لپاره تر اوسه هېڅ تم ځای نه دی ثبت شوی.	
empty.action.search_again	Search again	جستجوی دوباره	بیا لټون	
common.action.retry	Try again	دوباره کوشش	بیا هڅه	
common.action.cancel	Cancel	لغو	لغوه	
common.action.confirm	Confirm	تأیید	تایید	
common.action.back	Back	بازگشت	شاته	
common.action.save	Save	ذخیره	زېرمه کول	
common.action.close	Close	بستن	تړل	
common.state.loading	Loading…	در حال بارگیری…	په بارولو کې…	
common.state.step	Step {current} of {total}	مرحله {current} از {total}	{current} ګام له {total} څخه	
driver.earnings.chart_summary	{total} across {trips} trips	{total} از {trips} سفر	{total} له {trips} سفرونو څخه	
driver.earnings.period_trips	from {trips} trips	از {trips} سفر	له {trips} سفرونو څخه	
driver.earnings.period.day	Daily	روزانه	ورځنی	
driver.earnings.period.week	Weekly	هفته‌وار	اونیز	
driver.earnings.period.month	Monthly	ماهانه	میاشتنی	
driver.profile.title	Your profile	پروفایل شما	ستاسو پروفایل	
driver.profile.rating	Rating	امتیاز	ستوری	
driver.profile.no_rating	No ratings yet	هنوز امتیازی نگرفته‌اید	تر اوسه مو هېڅ ستوری نه دی ترلاسه کړی	
driver.profile.trips	Completed trips	سفرهای تکمیل‌شده	بشپړ شوي سفرونه	
driver.profile.since	Driving with VELRO	راننده در ولرو	په ولرو کې چلوونکی	
driver.profile.no_photo	No photo yet	هنوز عکسی نفرستاده‌اید	تر اوسه مو عکس نه دی لېږلی	
driver.profile.public	What passengers see	آنچه مسافران می‌بینند	هغه څه چې مسافران يې ګوري	
driver.profile.public_hint	This is how you appear when a passenger is choosing between offers.	وقتی مسافر بین پیشنهادها انتخاب می‌کند، شما را این‌طور می‌بیند.	کله چې مسافر د وړاندیزونو ترمنځ ټاکنه کوي، تاسو داسې ویني.	
passenger.profile.title	Your account	حساب شما	ستاسو حساب	
passenger.profile.trips	Journeys taken	سفرهای انجام‌شده	ترسره شوي سفرونه	
passenger.profile.since	With VELRO since	با ولرو از	له ولرو سره له	
passenger.profile.language	Language	زبان	ژبه	
passenger.profile.language_hint	The app and your messages use this.	اپ و پیام‌های شما به این زبان می‌شود.	اپ او ستاسو پیغامونه په دې ژبه کیږي.	
passenger.profile.phone	Phone number	شماره تیلفون	د تلیفون شمېره	
passenger.profile.phone_hint	This is your account. It cannot be changed here.	این حساب شماست. اینجا تغییر داده نمی‌شود.	دا ستاسو حساب دی. دلته نشي بدلېدای.	
passenger.profile.name_saved	Saved.	ذخیره شد.	خوندي شو.	
account.privacy	Privacy policy	سیاست حریم خصوصی	د محرمیت تګلاره	new — please check the Pashto
account.delete.action	Delete account	حذف حساب	حساب ړنګول	new — please check the Pashto
account.delete.title	Delete your account	حذف حساب شما	ستاسو د حساب ړنګول	new — please check the Pashto
account.delete.gone_title	What is deleted	چه چیزی پاک می‌شود	څه ړنګیږي	new — please check the Pashto
account.delete.gone	Your name, your phone number and your sign-in. You are signed out on every phone, and any open request is withdrawn.	نام، شمارهٔ تیلفون و ورود شما. از همهٔ تیلفون‌ها خارج می‌شوید و درخواست باز شما پس گرفته می‌شود.	ستاسو نوم، د تلیفون شمېره او ننوتل. له ټولو تلیفونونو وځئ، او پرانیستې غوښتنه مو بېرته اخیستل کېږي.	new — please check the Pashto
account.delete.gone_driver	Your documents, your photo and your vehicle's papers are deleted too, and your offers are withdrawn.	مدارک، عکس و اسناد موتر شما هم پاک می‌شود و پیشنهادهای شما پس گرفته می‌شود.	ستاسو اسناد، انځور او د موټر کاغذونه هم ړنګیږي، او وړاندیزونه مو بېرته اخیستل کېږي.	new — please check the Pashto
account.delete.kept_title	What is kept, without your name	چه چیزی بدون نام شما می‌ماند	څه ستاسو له نوم پرته پاتې کیږي	new — please check the Pashto
account.delete.kept	Records of past trips and fares, for accounting, and any safety report you filed, because it may concern someone else's safety.	سابقهٔ سفرها و کرایه‌های گذشته برای حساب‌وکتاب، و گزارش‌های امنیتی که ثبت کرده‌اید، چون ممکن است به امنیت کس دیگری مربوط باشد.	د تېرو سفرونو او کرایو ریکارډ د حساب‌ کتاب لپاره، او هغه امنیتي راپورونه چې تاسو ثبت کړي، ځکه چې کېدای شي د بل چا له امنیت سره تړاو ولري.	new — please check the Pashto
account.delete.again	You can sign up again with the same number at any time, as a new account.	هر وقت بخواهید می‌توانید با همین شماره دوباره ثبت‌نام کنید، به‌عنوان یک حساب نو.	هر وخت چې وغواړئ، په همدې شمېره بیا نوم‌لیکنه کولای شئ، د یوه نوي حساب په توګه.	new — please check the Pashto
account.delete.confirm_question	Delete your account permanently? This cannot be undone.	حساب‌تان برای همیشه حذف شود؟ این کار برگشت ندارد.	ستاسو حساب د تل لپاره ړنګ شي؟ دا کار بېرته نه راګرځي.	new — please check the Pashto
account.delete.confirm	Delete my account	حسابم را حذف کن	زما حساب ړنګ کړه	new — please check the Pashto
account.delete.done	Your account was deleted.	حساب شما حذف شد.	ستاسو حساب ړنګ شو.	new — please check the Pashto
common.state.offline	You are offline. Showing saved information.	آفلاین هستید. معلومات ذخیره‌شده نشان داده می‌شود.	آفلاین یاست. زېرمه شوي معلومات ښودل کېږي.	
common.label.currency_afn	AFN	افغانی	افغانۍ	
admin.title	VELRO Admin	پنل مدیریت ولرو	د ولرو مدیریت پنل	
admin.nav.dashboard	Dashboard	داشبورد	ډشبورډ	
admin.nav.operations	Dispatch	دسپچ	دسپچ	
admin.nav.trips	Trips	سفرها	سفرونه	
admin.nav.bookings	Bookings	رزروها	ریزرفونه	
admin.nav.drivers	Drivers	رانندگان	چلوونکي	
admin.nav.vehicles	Vehicles	موترها	موټرونه	
admin.nav.locations	Locations	موقعیت‌ها	ځایونه	
admin.nav.routes	Routes & pricing	مسیرها و قیمت	لارې او بیې	
admin.nav.finance	Finance	مالی	مالي	
admin.nav.settings	Settings	تنظیمات	تنظیمات	
admin.nav.audit	Audit log	سابقه فعالیت	د فعالیت ثبت	
admin.stat.active_trips	Trips in progress	سفرهای در جریان	روان سفرونه	
admin.stat.trips_today	Departures today	حرکت‌های امروز	د نن ورځې تګونه	
admin.stat.bookings_today	Bookings today	رزروهای امروز	د نن ورځې ریزرفونه	
admin.stat.passengers	Passengers	مسافران	مسافر	
admin.stat.drivers	Drivers	رانندگان	چلوونکي	
admin.stat.drivers_pending	Awaiting approval	در انتظار تأیید	د تصویب په انتظار	
admin.stat.drivers_online	Online now	آنلاین	آنلاین	
admin.stat.vehicles	Vehicles	موترها	موټرونه	
admin.stat.revenue_today	Fares today	کرایه‌های امروز	د نن ورځې کرایې	
admin.stat.commission_today	VELRO commission	کمیشن ولرو	د ولرو کمیشن	
admin.stat.driver_earnings_today	Driver earnings	درآمد رانندگان	د چلوونکو عاید	
admin.stat.cancellations_today	Cancellations today	لغوهای امروز	د نن ورځې لغوې	
admin.stat.unassigned	Trips needing a driver	سفرهای بدون راننده	هغه سفرونه چې چلوونکی نه لري	
admin.col.number	Number	نمبر	شمېره	
admin.col.status	Status	وضعیت	حالت	
admin.col.departure	Departure	وقت حرکت	د تګ وخت	
admin.col.origin	From	از	له	
admin.col.destination	To	به	ته	
admin.col.driver	Driver	راننده	چلوونکی	
admin.col.plate	Plate	نمبر پلیت	د پلېټ شمېره	
admin.col.seats	Seats	چوکی‌ها	چوکۍ	
admin.col.passenger	Passenger	مسافر	مسافر	
admin.col.phone	Phone	تیلفون	تلیفون	
admin.col.fare	Fare	کرایه	کرایه	
admin.col.payment	Payment	پرداخت	تادیه	
admin.col.created	Created	ثبت‌شده	ثبت شوی	
admin.col.code	Code	کود	کوډ	
admin.col.name	Name	نام	نوم	
admin.col.district	District	ولسوالی	ولسوالي	
admin.col.village	Village	قریه	کلی	
admin.col.villages	Villages	قریه‌ها	کلي	
admin.col.stations	Stations	ایستگاه‌ها	تم ځایونه	
admin.col.rating	Rating	امتیاز	ستوری	
admin.col.trips	Trips	سفرها	سفرونه	
admin.col.type	Type	نوع	ډول	
admin.col.capacity	Capacity	ظرفیت	ظرفیت	
admin.col.route	Route	مسیر	لار	
admin.col.distance	Distance	فاصله	واټن	
admin.col.duration	Duration	مدت	موده	
admin.col.price	Price	قیمت	بیه	
admin.col.actions	Actions	اقدامات	کړنې	
admin.col.when	When	وقت	وخت	
admin.col.who	Who	توسط	لخوا	
admin.col.action	Action	عمل	کړنه	
admin.col.entity	Entity	مورد	توکی	
admin.col.change	Change	تغییر	بدلون	
admin.col.value	Value	مقدار	ارزښت	
admin.col.setting	Setting	تنظیم	تنظیم	
admin.col.parent	Within	زیرمجموعه	په	
admin.action.approve	Approve	تأیید	تصویب	
admin.action.suspend	Suspend	تعلیق	ځنډول	
admin.action.offer	Offer to drivers	پیشنهاد به رانندگان	چلوونکو ته وړاندیز	
admin.action.set_price	Change price	تغییر قیمت	د بیې بدلون	
admin.action.save	Save	ذخیره	زېرمه کول	
admin.action.refresh	Refresh	تازه‌سازی	تازه کول	
admin.action.search	Search	جستجو	لټون	
admin.action.next	Next	بعدی	راتلونکی	
admin.action.previous	Previous	قبلی	مخکینی	
admin.filter.all	All	همه	ټول	
admin.filter.active_only	In progress only	فقط در جریان	یوازې روان	
admin.hint.search_villages	Search by village name	جستجو با نام قریه	د کلي په نوم ولټوئ	
admin.hint.search_routes	Search by route code	جستجو با کود مسیر	د لارې په کوډ ولټوئ	
admin.showing	Showing {from}–{to} of {total}	نمایش {from}–{to} از {total}	د {total} څخه {from}–{to}	
admin.section.locations	Districts	ولسوالی‌ها	ولسوالۍ	
admin.section.villages	Villages	قریه‌ها	کلي	
admin.section.stations	Stations	ایستگاه‌ها	تم ځایونه	
admin.section.destinations	Destinations	مقصدها	منزلونه	
admin.section.unassigned	Trips needing a driver	سفرهای بدون راننده	هغه سفرونه چې چلوونکی نه لري	
admin.section.pending_drivers	Drivers awaiting approval	رانندگان در انتظار تأیید	د تصویب په تمه چلوونکي	
admin.finance.gross	Gross fares	مجموع کرایه‌ها	ټولې کرایې	
admin.finance.platform	VELRO commission	کمیشن ولرو	د ولرو کمیشن	
admin.finance.driver	Driver earnings	درآمد رانندگان	د چلوونکو عاید	
admin.finance.cash	Collected in cash	دریافت نقدی	نغدي ترلاسه	
admin.finance.online	Collected online	دریافت آنلاین	آنلاین ترلاسه	
admin.finance.pending_settlement	Owed to drivers	قابل پرداخت به رانندگان	چلوونکو ته د ورکړې وړ	
admin.finance.paid_settlement	Paid out	پرداخت‌شده	ورکړل شوي	
admin.finance.period	Last {days} days	{days} روز اخیر	وروستۍ {days} ورځې	
admin.finance.bookings	Completed bookings	رزروهای تکمیل‌شده	بشپړ شوي ریزرفونه	
admin.empty.trips	No trips match this filter.	سفری با این فلتر یافت نشد.	د دې فلټر سره سفر ونه موندل شو.	
admin.empty.bookings	No bookings yet.	هنوز رزروی ثبت نشده است.	تر اوسه هېڅ ریزرف نشته.	
admin.empty.drivers	No drivers registered.	راننده‌ای ثبت نشده است.	تر اوسه هېڅ چلوونکی ثبت شوی نه دی.	
admin.empty.unassigned	Every trip has a driver.	همه سفرها راننده دارند.	د ټولو سفرونو لپاره چلوونکی ټاکل شوی دی.	
admin.empty.audit	Nothing recorded yet.	هنوز چیزی ثبت نشده است.	لا هیڅ نه دي ثبت شوي.	
admin.confirm.suspend	Suspend this driver?	این راننده تعلیق شود؟	دا چلوونکی وځنډول شي؟	
admin.prompt.new_price	New price in AFN	قیمت نو به افغانی	نوې بیه په افغانیو	
admin.signin.title	Staff sign-in	ورود کارمندان	د کارکوونکو ننوتل	
driver.approval.pending	Awaiting approval	در انتظار تأیید	د تصویب په انتظار	
driver.approval.approved	Approved	تأییدشده	تصویب شوی	
driver.approval.rejected	Rejected	ردشده	رد شوی	
driver.approval.suspended	Suspended	تعلیق‌شده	ځنډول شوی	
vehicle.status.pending	Awaiting approval	در انتظار تأیید	د تصویب په انتظار	
vehicle.status.active	In service	فعال	فعال	
vehicle.status.suspended	Suspended	تعلیق‌شده	ځنډول شوی	
vehicle.status.retired	Retired	از کار افتاده	له کاره وتلی	
destination.kind.internal	Within Ghorband	داخل غوربند	د غوربند دننه	
destination.kind.external	Outside Ghorband	بیرون از غوربند	له غوربند بهر	
route.type.local	Village to centre	قریه به مرکز	کلی تر مرکز	
route.type.district_to_district	District to district	ولسوالی به ولسوالی	ولسوالي تر ولسوالۍ	
route.type.intercity	Intercity	بین‌شهری	ښارونو ترمنځ	
route.type.city	To Kabul	به کابل	کابل ته	
route.type.station_to_station	Station to station	ایستگاه به ایستگاه	له تم ځای څخه تر تم ځایه	
payment.method.cash	Cash	نقدی	نغدي	
payment.method.mobile_wallet	Mobile wallet	کیف پول موبایل	د موبایل بټوه	
payment.method.card	Card	کارت	کارت	
payment.method.corporate	Corporate account	حساب شرکتی	شرکتي حساب	
payment.status.pending	Not yet paid	پرداخت نشده	نه دی ورکړل شوی	
payment.status.collected	Paid	پرداخت‌شده	ورکړل شوی	
payment.status.failed	Failed	ناکام	ناکام	
payment.status.refunded	Refunded	بازپرداخت‌شده	بېرته ورکړل شوی	
geo.status.active	In service	فعال	فعال	
geo.status.inactive	Not in service	غیرفعال	غیر فعال	
admin.nav.import	Import villages	وارد کردن قریه‌ها	د کلیو واردول	
admin.import.title	Import villages	وارد کردن قریه‌ها	د کلیو واردول	
admin.import.subtitle	Nothing is written until you review what was found.	تا زمانی که نتیجه را بررسی نکنید، چیزی ثبت نمی‌شود.	تر هغه چې پایله ونه ګورئ، هیڅ نه ثبتېږي.	
admin.import.choose_file	Choose a file	انتخاب فایل	فایل وټاکئ	
admin.import.accepted_formats	CSV, Excel or JSON. Required columns: district_code, name.	CSV، اکسل یا JSON. ستون‌های ضروری: district_code و name.	CSV، اکسل یا JSON. اړین کالمونه: district_code او name.	
admin.import.optional_columns	Optional: alternative_names, latitude, longitude, code, station_name, note.	اختیاری: alternative_names، latitude، longitude، code، station_name، note.	اختیاري: alternative_names، latitude، longitude، code، station_name، note.	
admin.import.uploading	Reading the file…	در حال خواندن فایل…	فایل لوستل کېږي…	
admin.import.summary	Summary	خلاصه	لنډیز	
admin.import.total_rows	Rows read	سطرهای خوانده‌شده	لوستل شوې کرښې	
admin.import.will_create	Will be added	اضافه می‌شود	اضافه کېږي	
admin.import.blocking	Cannot be imported	وارد شده نمی‌تواند	نشي واردېدای	
admin.import.warnings	Imported with a warning	با هشدار وارد می‌شود	له خبرتیا سره واردېږي	
admin.import.duplicates	Need your decision	نیاز به تصمیم شما	ستاسو پرېکړې ته اړتیا	
admin.import.problems_title	Rows with a problem	سطرهای دارای مشکل	ستونزمنې کرښې	
admin.import.duplicates_title	Possible duplicates	موارد احتمالی تکراری	احتمالي تکراري توکي	
admin.import.duplicates_hint	These names already exist or repeat in the file. Nothing is merged automatically — tick a row only if it is genuinely a different place.	این نام‌ها قبلاً موجود اند یا در فایل تکرار شده‌اند. هیچ چیز خودکار یکجا نمی‌شود — تنها زمانی علامت بزنید که واقعاً جای دیگری باشد.	دا نومونه لا دمخه شته یا په فایل کې تکرار شوي دي. هېڅ شی په اتومات ډول نه یوځای کېږي — یوازې هغه وخت یوه کرښه وټاکئ چې رښتیا هم د بل ځای نوم وي.	
admin.import.will_create_title	Villages to be added	قریه‌هایی که اضافه می‌شوند	هغه کلي چې اضافه کېږي	
admin.import.row	Row	سطر	کرښه	
admin.import.incoming	In the file	در فایل	په فایل کې	
admin.import.existing	Already known	قبلاً موجود	دمخه پېژندل شوی	
admin.import.similarity	Similarity	شباهت	ورته والی	
admin.import.keep_both	A different place — add it	جای دیگری است — اضافه شود	بل ځای دی — اضافه یې کړئ	
admin.import.blocking_flag	Blocks the row	سطر را مسدود می‌کند	کرښه بندوي	
admin.import.warning_flag	Warning only	تنها هشدار	یوازې خبرتیا	
admin.import.create_stations	Create a station for each village	برای هر قریه یک ایستگاه ساخته شود	د هر کلي لپاره یو تم ځای جوړ کړئ	
admin.import.commit	Import {count} villages	وارد کردن {count} قریه	{count} کلي واردول	
admin.import.committed	Added {villages} villages, {aliases} alternative names and {stations} stations. {skipped} duplicates were skipped.	{villages} قریه، {aliases} نام جایگزین و {stations} ایستگاه اضافه شد. {skipped} مورد تکراری رد شد.	{villages} کلي، {aliases} بدیل نومونه او {stations} تم ځایونه اضافه شول. {skipped} تکراري توکي له پامه وغورځول شول.	
admin.import.history	Past imports	وارد کردن‌های قبلی	پخواني واردونې	
admin.import.start_over	Import another file	وارد کردن فایل دیگر	بل فایل وارد کړئ	
admin.import.nothing_to_import	Nothing in this file can be imported.	هیچ چیزی از این فایل وارد شده نمی‌تواند.	له دې فایل څخه د واردولو لپاره هېڅ شی نشته.	
admin.import.reason.missing	Missing	خالی است	تش دی	
admin.import.reason.unknown_district	No such district	چنین ولسوالی وجود ندارد	داسې ولسوالي نشته	
admin.import.reason.not_a_number	Not a number	عدد نیست	شمېره نه ده	
admin.import.reason.out_of_range	Outside the possible range	خارج از حدود ممکن	له ممکنه حدودو بهر	
admin.import.reason.exists_in_same_district	Already exists in this district	قبلاً در همین ولسوالی موجود است	دمخه په همدې ولسوالۍ کې شته	
admin.import.reason.repeated_in_file	Repeated earlier in the file	قبلاً در همین فایل تکرار شده	مخکې په همدې فایل کې تکرار شوی	
admin.col.aliases	Also known as	نام‌های جایگزین	بدیل نومونه	
error.driver_already_registered	This account is already registered as a driver.	این حساب قبلاً به‌عنوان راننده ثبت شده است.	دا حساب لا دمخه د چلوونکي په توګه ثبت شوی دی.	
error.document_not_found	That document was not found.	این سند یافت نشد.	دا سند ونه موندل شو.	
error.document_type_unknown	That is not a document we ask for.	این سند از جمله اسناد مورد نیاز نیست.	دا سند زموږ له اړینو اسنادو څخه نه دی.	
error.document_rejection_reason_required	Say why it was rejected, so the driver knows what to send again.	دلیل رد را بنویسید تا راننده بداند چه چیزی را دوباره بفرستد.	د رد دلیل ولیکئ، ترڅو چلوونکی پوه شي چې څه شی بیا ولېږي.	
admin.nav.approvals	Driver approvals	تأیید رانندگان	د چلوونکو تصویب	
admin.approvals.title	Driver approvals	تأیید رانندگان	د چلوونکو تصویب	
admin.approvals.subtitle	A driver cannot receive work until every document is verified.	راننده تا زمانی که همه اسناد تأیید نشوند، سفر گرفته نمی‌تواند.	چلوونکی تر هغه سفر نه شي اخیستلی چې ټول اسناد یې تایید شوي نه وي.	
admin.approvals.pending	Awaiting review	در انتظار بررسی	د کتنې په انتظار	
admin.approvals.none	No drivers are waiting.	راننده‌ای در انتظار نیست.	هیڅ چلوونکی د تصویب په تمه نشته.	
admin.approvals.documents	Documents	اسناد	اسناد	
admin.approvals.missing	Still missing	هنوز کم است	لا کم دي	
admin.approvals.complete	All documents verified	همه اسناد تأیید شد	ټول اسناد تصویب شول	
admin.approvals.approve_driver	Approve this driver	تأیید این راننده	دا چلوونکی تصویب کړئ	
admin.approvals.view	View	دیدن	کتل	
admin.approvals.verify	Verify	تأیید	تصویب	
admin.approvals.reject	Reject	رد	ردول	
admin.approvals.reject_reason	Why is it being rejected?	دلیل رد چیست؟	د رد دلیل څه دی؟	
admin.approvals.reject_hint	The driver sees this, so say what to send instead.	راننده این را می‌بیند، پس بنویسید چه چیزی بفرستد.	چلوونکی دا پیغام ویني، نو ولیکئ چې څه شی باید بیا ولېږي.	
admin.approvals.superseded	Replaced	جایگزین‌شده	بدل شوی	
admin.approvals.uploaded	Uploaded	ارسال‌شده	لېږل شوی	
admin.approvals.expires	Expires	تاریخ ختم	د پای نېټه	
admin.approvals.expiry_prompt	Expiry date (YYYY-MM-DD), or leave blank	تاریخ ختم (YYYY-MM-DD) یا خالی بگذارید	د پای نېټه (YYYY-MM-DD) یا یې تشه پرېږدئ	
admin.approvals.select_driver	Choose a driver to review.	یک راننده را برای بررسی انتخاب کنید.	د کتنې لپاره یو چلوونکی وټاکئ.	
admin.approvals.not_uploaded	Not sent yet	هنوز فرستاده نشده	لا نه دی لېږل شوی	
document.type.license	Driving licence	جواز راننده‌گی	د موټر چلولو جواز	
document.type.national_id	National identity card	تذکره	تذکره	
document.type.vehicle_registration	Vehicle registration	جواز سیر موتر	د موټر جواز سیر	
document.status.pending	Awaiting review	در انتظار بررسی	د کتنې په انتظار	
document.status.verified	Verified	تأییدشده	تصویب شوی	
document.status.rejected	Rejected	ردشده	رد شوی	
document.status.expired	Expired	وقت گذشته	وخت تېر	
admin.approvals.unreadable	This file will not open.	این فایل باز نمی‌شود.	دا فایل نه پرانیستل کېږي.	
admin.approvals.unreadable_hint	It is probably corrupt. Reject it and ask for another photograph.	احتمالاً خراب است. آن را رد کنید و عکس دیگری بخواهید.	ښایي خراب وي. رد یې کړئ او بل عکس وغواړئ.	
driver.documents.title	Your documents	اسناد شما	ستاسو اسناد	
driver.documents.not_a_driver	You are not registered as a driver yet.	شما هنوز به‌عنوان راننده ثبت نشده‌اید.	تاسو لا د چلوونکي په توګه ثبت شوي نه یاست.	
driver.documents.apply	Apply to drive	درخواست راننده‌گی	د چلوونکۍ غوښتنه	
driver.documents.approved	Approved. You can go online.	تأیید شد. آنلاین شده می‌توانید.	تصویب شو. آنلاین کېدای شئ.	
driver.documents.awaiting_review	Everything sent. Waiting for VELRO to check them.	همه فرستاده شد. منتظر بررسی ولرو باشید.	ټول ولېږل شول. د ولرو د کتنې انتظار وکړئ.	
driver.documents.incomplete	Send these before you can start work.	پیش از شروع کار این‌ها را بفرستید.	د کار له پیل مخکې دا ولېږئ.	
driver.documents.send	Send a photo	ارسال عکس	عکس ولېږئ	
driver.documents.replace	Send a new photo	ارسال عکس نو	نوی عکس ولېږئ	
driver.documents.not_sent	Not sent	فرستاده نشده	نه دی لېږل شوی	
driver.documents.sent_on	Sent {date}	فرستاده شد {date}	ولېږل شو {date}	
driver.documents.too_large	That photo is too large. Try again with a smaller one.	این عکس کلان است. عکس خردتر بفرستید.	دا عکس لوی دی. کوچنی عکس ولېږئ.	
error.vehicle_plate_invalid	That number plate does not look right.	این نمبر پلیت درست معلوم نمی‌شود.	د پلېټ دا شمېره سمه نه ښکاري.	
error.vehicle_not_registered	Register your vehicle before going online.	پیش از آنلاین شدن موتر خود را ثبت کنید.	مخکې له آنلاین کېدو خپل موټر ثبت کړئ.	
error.vehicle_type_unknown	Choose one of the vehicle types listed.	یکی از نوع‌های موتر فهرست‌شده را انتخاب کنید.	له لست څخه د موټر یو ډول وټاکئ.	
driver.vehicle.title	Your vehicle	موتر شما	ستاسو موټر	
driver.vehicle.none	You have not registered a vehicle yet.	شما هنوز موتری ثبت نکرده‌اید.	تاسو لا تر اوسه موټر نه دی ثبت کړی.	
driver.vehicle.awaiting	Waiting for VELRO to check it.	منتظر بررسی ولرو باشید.	د ولرو د کتنې انتظار وکړئ.	
driver.vehicle.active	In service.	فعال است.	فعال دی.	
driver.vehicle.suspended	Taken out of service. Contact support.	از کار افتاده. با پشتیبانی تماس بگیرید.	له کاره لرې شوی. له ملاتړ سره اړیکه ونیسئ.	
driver.vehicle.type	Type	نوع	ډول	
driver.vehicle.plate	Number plate	نمبر پلیت	د پلېټ شمېره	
driver.vehicle.brand	Make	کمپنی	کمپنۍ	
driver.vehicle.model	Model	مودل	ماډل	
driver.vehicle.year	Year	سال	کال	
driver.vehicle.colour	Colour	رنگ	رنګ	
driver.vehicle.seats	Seats for passengers	چوکی برای مسافران	د مسافرو لپاره چوکۍ	
driver.vehicle.save	Save vehicle	ذخیره موتر	موټر ثبت کړئ	
driver.vehicle.edit	Change vehicle	تغییر موتر	موټر بدل کړئ	
driver.vehicle.plate_hint	As written on the plate, for example PRW-1234	طوری که در پلیت نوشته است، مثلاً PRW-1234	لکه څنګه چې پر پلېټ لیکل شوې وي، د بېلګې په توګه PRW-1234	
admin.nav.vehicle_approvals	Vehicle approvals	تأیید موترها	د موټرو تصویب	
admin.vehicles.pending	Vehicles awaiting activation	موترهای در انتظار فعال‌سازی	د فعالولو په تمه موټرونه	
admin.vehicles.none	No vehicles are waiting.	موتری در انتظار نیست.	هیڅ موټر د فعالولو په تمه نشته.	
admin.vehicles.activate	Activate	فعال‌سازی	فعالول	
admin.vehicles.suspend	Take out of service	از کار انداختن	له کاره ایستل	
admin.vehicles.suspend_reason	Why is it being taken out of service?	دلیل از کار انداختن چیست؟	د له کاره ایستلو دلیل څه دی؟	
admin.vehicles.driver_status	Driver	راننده	چلوونکی	
driver.vehicle.seats_count	{count} seats	{count} چوکی	{count} چوکۍ	
driver.vehicle.retired	No longer in use.	دیگر استفاده نمی‌شود.	نور نه کارول کېږي.	
error.settlement_not_found	That payout request no longer exists.	این درخواست پرداخت دیگر وجود ندارد.	دا د تادیې غوښتنه نور نشته.	
error.settlement_below_minimum	You need at least {amount} to request a payout.	برای درخواست پرداخت حداقل به {amount} ضرورت دارید.	د تادیې غوښتنې لپاره لږ تر لږه {amount} ته اړتیا لرئ.	
error.settlement_already_requested	You already have a payout waiting ({reference}).	شما یک درخواست پرداخت در جریان دارید ({reference}).	تاسو دمخه یوه د تادیې غوښتنه پرمخ لرئ ({reference}).	
error.settlement_amount_invalid	That amount cannot be paid out.	این مقدار قابل پرداخت نیست.	دا اندازه نه شي تادیه کېدای.	
driver.earnings.title	Earnings	درآمد	عاید	
driver.earnings.available	Yours to withdraw	قابل برداشت	د اخیستلو وړ	
driver.earnings.pending	Payout in progress	پرداخت در جریان	تادیه روانه ده	
driver.earnings.lifetime_earned	Earned in total	مجموع درآمد	ټول عاید	
driver.earnings.lifetime_commission	VELRO's share	سهم ولرو	د ولرو برخه	
driver.earnings.lifetime_paid	Settled with VELRO	تصفیه‌شده با ولرو	له ولرو سره تصفیه شوی	
driver.earnings.trips	Trips completed	سفرهای تکمیل‌شده	بشپړ شوي سفرونه	
driver.earnings.ledger	Every entry	تمام موارد	ټول توکي	
driver.earnings.ledger_empty	Nothing yet. Your first completed trip appears here.	هنوز چیزی نیست. اولین سفر تکمیل‌شده شما اینجا نمایان می‌شود.	لا هیڅ نشته. ستاسو لومړی بشپړ شوی سفر به دلته ښکاره شي.	
driver.earnings.ledger_failed	Could not load your ledger. Tap to try again.	دفتر حساب باز نشد. برای کوشش دوباره بزنید.	ستاسو حساب ونه لوستل شو. بیا کوښښ لپاره ټک ووهئ.	
driver.earnings.balance_after	Balance {amount}	بیلانس {amount}	بیلانس {amount}	
driver.earnings.load_more	Show older	نمایش قدیمی‌ترها	زاړه وښایاست	
driver.earnings.request	Request a payout	درخواست پرداخت	د تادیې غوښتنه	
driver.earnings.request_all	Request all {amount}	درخواست تمام {amount}	د ټولو {amount} غوښتنه	
driver.earnings.minimum_note	The smallest payout is {amount}.	کمترین مقدار پرداخت {amount} است.	تر ټولو کمه تادیه {amount} ده.	
driver.earnings.open_request	Payout {reference} is with VELRO.	پرداخت {reference} نزد ولرو است.	تادیه {reference} له ولرو سره ده.	
driver.earnings.history	Your payouts	پرداخت‌های شما	ستاسو تادیې	
driver.earnings.requested_on	Asked for on {date}	درخواست‌شده در {date}	په {date} کې غوښتل شوې	
ledger.kind.trip_earning	Trip fare	کرایه سفر	د سفر کرایه	
ledger.kind.commission	VELRO's share	سهم ولرو	د ولرو برخه	
ledger.kind.settlement	Payout	پرداخت	تادیه	
ledger.kind.adjustment	Correction	اصلاح	سمون	
ledger.kind.cancellation_fee	Cancellation fee	فیس لغو	د لغوې فیس	
settlement.status.pending	Waiting	در انتظار	په انتظار	
settlement.status.processing	Being paid	در حال پرداخت	د تادیې په حال کې	
settlement.status.paid	Paid	پرداخت‌شده	تادیه شوې	
settlement.status.rejected	Refused	رد شده	رد شوې	
admin.nav.settlements	Payouts	پرداخت‌ها	تادیې	
admin.settlements.queue	Payouts waiting	پرداخت‌های در انتظار	په انتظار تادیې	
admin.settlements.none	No payouts are waiting.	پرداختی در انتظار نیست.	هیڅ تادیه په انتظار کې نشته.	
admin.settlements.start	Start paying	شروع پرداخت	تادیه پیل کړئ	
admin.settlements.mark_paid	Mark as paid	پرداخت شد	تادیه شوه	
admin.settlements.reject	Refuse	رد کردن	ردول	
admin.settlements.reject_reason	Why is this payout being refused?	دلیل رد این پرداخت چیست؟	د دې تادیې د ردولو دلیل څه دی؟	
admin.col.reference	Reference	نمبر	شمېره	
admin.col.period	Period	دوره	دوره	
admin.col.amount	Amount	مقدار	اندازه	
history.title	Your journeys	سفرهای شما	ستاسو سفرونه	
history.scope.upcoming	Coming up	پیش رو	مخې ته	
history.scope.past	Past	گذشته	تېر	
history.empty.past	No finished journeys yet.	هنوز سفر تکمیل‌شده‌ای نیست.	لا تر اوسه بشپړ شوی سفر نشته.	
history.action.load_more	Show older	نمایش قدیمی‌ترها	زاړه وښایاست	
receipt.line.times	{label} × {count}	{label} × {count}	{label} × {count}	
receipt.label.cancellation_fee	Cancellation fee	فیس لغو	د لغوې فیس	
receipt.label.no_fee	You were not charged.	از شما چیزی گرفته نشد.	له تاسو څه وا نه خیستل شول.	
receipt.label.driver	Driver	راننده	چلوونکی	
receipt.label.vehicle	Vehicle	موتر	موټر	
fare.component.seat	Seat fare	کرایه چوکی	د چوکۍ کرایه	
fare.component.private_vehicle	Whole vehicle	کرایه تمام موتر	د ټول موټر کرایه	
fare.component.base	Base fare	کرایه اساسی	بنسټیزه کرایه	
fare.component.other	Other	سایر	نور	
error.settlement_direction_invalid	You owe VELRO {amount}; there is nothing to withdraw.	شما {amount} به ولرو بدهکار هستید؛ چیزی برای برداشت نیست.	تاسو ولرو ته {amount} پوروړي یاست؛ د اخیستلو لپاره څه نشته.	
driver.earnings.owed	You owe VELRO	بدهی شما به ولرو	ولرو ته ستاسو پور	
driver.earnings.owed_explained	You collected the fares in cash, so VELRO's share is still with you.	کرایه‌ها را نقدی گرفته‌اید، پس سهم ولرو هنوز نزد شماست.	تاسو کرایې په نغدو اخیستې، نو د ولرو برخه لا تر اوسه ستاسو سره ده.	
driver.earnings.settle_at_station	Pay it at the station office. It will be recorded here.	آن را در دفتر ایستگاه بپردازید. اینجا ثبت می‌شود.	دا د ادې په دفتر کې ورکړئ. دلته به ثبت شي.	
driver.earnings.pending_collection	Being settled	در حال تصفیه	د تصفیې په حال کې	
settlement.direction.payout	Paid to you	پرداخت به شما	تاسو ته تادیه	
settlement.direction.collection	Paid by you	پرداخت از شما	له تاسو تادیه	
admin.settlements.collect	Record a payment	ثبت پرداخت	د تادیې ثبت	
admin.settlements.collect_from	Cash received from a driver	پول نقد گرفته‌شده از راننده	له چلوونکي څخه ترلاسه شوې نغدې پیسې	
admin.settlements.owed	Owes	بدهی	پور	
admin.col.direction	Direction	جهت	لوری	
admin.settlements.debtors	Drivers who owe	رانندگان بدهکار	پوروړي چلوونکي	
admin.settlements.no_debtors	No driver owes anything.	هیچ راننده‌ای بدهی ندارد.	هیڅ چلوونکی پوروړی نه دی.	
admin.action.reason	Reason	دلیل	دلیل	
admin.approvals.expiry_hint	Leave blank if this document does not expire.	اگر این سند تاریخ ختم ندارد، خالی بگذارید.	که دا سند د پای نېټه نه لري، خالي یې پرېږدئ.	
admin.col.expires	Expires on	تاریخ ختم	د پای نېټه	
admin.error.not_a_number	Enter a number, using Latin digits.	یک عدد وارد کنید، با ارقام لاتین.	یو شمېر ولیکئ، په لاتیني ارقامو.	
geo.action.filter_villages	Find your village	قریه خود را پیدا کنید	خپل کلی ومومئ	
error.ride_request_not_found	That request is no longer there.	این درخواست دیگر موجود نیست.	دا غوښتنه نور نشته.	
error.ride_request_not_open	This ride has already been taken.	این سفر قبلاً گرفته شده است.	دا سفر دمخه نیول شوی.	
error.ride_request_expired	That request ran out of time.	وقت این درخواست تمام شد.	د دې غوښتنې وخت پای ته ورسېد.	
error.fare_offer_not_found	That offer is no longer there.	این پیشنهاد دیگر موجود نیست.	دا وړاندیز نور نشته.	
error.fare_offer_not_open	That offer has already been answered.	به این پیشنهاد قبلاً جواب داده شده.	دې وړاندیز ته دمخه ځواب ورکړل شوی.	
error.fare_offer_self	You cannot offer on your own request.	به درخواست خود پیشنهاد داده نمی‌توانید.	خپلې غوښتنې ته وړاندیز نه شئ کولی.	
error.fare_offer_already_made	You have already offered on this ride. Withdraw it to change your price.	شما قبلاً پیشنهاد داده‌اید. برای تغییر قیمت آن را پس بگیرید.	تاسو دمخه وړاندیز کړی. د بدلون لپاره یې بېرته واخلئ.	
error.fare_offer_amount_invalid	Enter a fare above zero.	کرایه بالاتر از صفر وارد کنید.	له صفر څخه لوړه کرایه ولیکئ.	
error.fare_offer_implausible	Check that price — it is far from what was asked.	این قیمت را ببینید — با آنچه خواسته شده خیلی فرق دارد.	دا بیه وګورئ — له غوښتل شوې سره ډېر توپیر لري.	
fare.component.agreed	Agreed fare	کرایه توافق‌شده	هوکړه شوې کرایه	
ride.ask.title	How much will you pay?	چقدر می‌پردازید؟	څومره به ورکړئ؟	
ride.ask.hint	Name a fare. Drivers will answer with theirs.	کرایه‌ای پیشنهاد کنید. رانندگان قیمت خود را می‌گویند.	یوه کرایه وړاندیز کړئ. چلوونکي به خپله بیه ووایي.	
ride.ask.action	Ask for a ride	درخواست موتر	د موټر غوښتنه وکړئ	
ride.ask.passengers	Passengers	مسافران	مسافر	
ride.ask.note	Anything the driver should know	چیزی که راننده باید بداند	هغه څه چې چلوونکی یې باید پوه شي	
ride.ask.when	When do you travel?	چه وقت سفر می‌کنید؟	کله سفر کوئ؟	
ride.when.now	Now	همین حالا	همدا اوس	
ride.when.today	Today	امروز	نن	
ride.when.tomorrow	Tomorrow	فردا	سبا	
ride.when.day_after	In two days	پس‌فردا	بل سبا	
ride.when.at_hour	At {hour}	ساعت {hour}	په {hour} بجو	
ride.when.departure	Departure	حرکت	حرکت	
ride.ask.return	Do you return?	برگشت هم دارید؟	بېرته هم راځئ؟	
ride.return.none	One way	فقط رفت	يوازې تګ	
ride.return.same_day	Same day	همان روز	هماغه ورځ	
ride.return.next_day	The next day	روز بعد	بله ورځ	
ride.return.in_days	{days} days later	{days} روز بعد	{days} ورځې وروسته	
ride.return.label	Return	برگشت	بېرته	
ride.return.hint	One driver, one fare, both ways.	یک راننده، یک کرایه، رفت و برگشت.	یو چلوونکی، یوه کرایه، تګ او راتګ.	
ride.ask.fare_out	Fare there	کرایه رفت	د تګ کرایه	
ride.ask.fare_back	Fare back	کرایه برگشت	د راتګ کرایه	
ride.ask.fare_total	Total {amount}	مجموع {amount}	ټول {amount}	
ride.offers.leg_out	There	رفت	تګ	
ride.offers.leg_back	Back	برگشت	راتګ	
ride.offers.title	Drivers who answered	رانندگانی که جواب دادند	هغه چلوونکي چې ځواب یې ورکړی	
ride.offers.waiting	Waiting for drivers to answer.	منتظر جواب رانندگان باشید.	د چلوونکو د ځواب په تمه یاست.	
ride.offers.you_asked	You asked for {amount}	شما {amount} پیشنهاد کردید	تاسو {amount} وړاندیز کړ	
ride.offers.accept	Take this ride	این موتر را بگیرید	دا سفر واخلئ	
ride.offers.same_as_asked	Agreed your price	قیمت شما را قبول کرد	ستاسو بیه یې ومنله	
ride.offers.trips	{count} trips	{count} سفر	{count} سفرونه	
ride.action.cancel	Cancel the request	لغو درخواست	غوښتنه لغوه کړئ	
driver.board.title	Passengers waiting	مسافران منتظر	منتظر مسافر	
driver.board.empty	Nobody is waiting right now.	فعلاً کسی منتظر نیست.	اوس مهال څوک نه دي منتظر.	
driver.board.asking	Asking {amount}	پیشنهاد مسافر {amount}	د مسافر وړاندیز {amount}	
driver.board.offer	Offer a fare	پیشنهاد کرایه	د کرایې وړاندیز	
driver.board.offered	You offered {amount}	شما {amount} پیشنهاد دادید	تاسو {amount} وړاندیز کړ	
driver.board.withdraw	Withdraw	پس گرفتن	بېرته اخیستل
driver.board.offer_note	A note for the passenger	یادداشتی برای مسافر	د مسافر لپاره یادښت	new — please check the Pashto
driver.offer.title	Your fare for this ride	کرایه شما برای این سفر	د دې سفر لپاره ستاسو کرایه	
driver.offer.hint	Offer what they asked, or your own price.	همان مقدار خواسته‌شده یا قیمت خود را پیشنهاد کنید.	هماغه غوښتل شوې اندازه یا خپله بیه وړاندیز کړئ.	
driver.offer.match	Agree to {amount}	قبول {amount}	د {amount} منل	
driver.offer.send	Send my price	فرستادن قیمت من	زما بیه ولېږئ	
ride.journey.from_to	{origin} to {destination}	از {origin} به {destination}	له {origin} څخه {destination} ته	
admin.nav.negotiations	Live requests	درخواست‌های جاری	روانې غوښتنې	
admin.negotiations.title	Passengers waiting	مسافران منتظر	منتظر مسافر	
admin.negotiations.none	Nobody is waiting right now.	فعلاً کسی منتظر نیست.	اوس مهال څوک نه دي منتظر.	
admin.negotiations.asking	Asking	پیشنهاد مسافر	د مسافر وړاندیز	
admin.negotiations.offers	Offers	پیشنهادها	وړاندیزونه	
admin.negotiations.no_offers	No answer yet	هنوز جوابی نیست	لا ځواب نشته	
admin.negotiations.readonly	Read only. The fare is agreed between the passenger and the driver.	فقط برای دیدن. کرایه میان مسافر و راننده توافق می‌شود.	یوازې د کتلو لپاره. کرایه د مسافر او چلوونکي ترمنځ هوکړه کېږي.	
admin.col.waiting	Waiting since	منتظر از	له کله منتظر	
notify.offer.received	A driver offered {amount} for your ride.	یک راننده {amount} پیشنهاد داد.	یوه چلوونکي ستاسو د سفر لپاره {amount} وړاندیز کړی دی.	
notify.offer.accepted	Your fare was accepted. Booking {booking_number}.	کرایه شما قبول شد. رزرو {booking_number}.	ستاسو کرایه ومنل شوه. ریزرف {booking_number}.	
notify.offer.declined	That passenger chose another driver.	آن مسافر راننده دیگری را انتخاب کرد.	هغه مسافر بل چلوونکی وټاکه.	
notify.request.expired	Nobody answered your request in time.	کسی به موقع به درخواست شما جواب نداد.	چا ستاسو غوښتنې ته پر وخت ځواب ورنکړ.	
inbox.title	Messages	پیام‌ها	پیغامونه	
inbox.empty	Nothing yet.	فعلاً چیزی نیست.	لا هیڅ نشته.	
inbox.mark_read	Mark all as read	همه را خوانده‌شده نشان کن	ټول لوستل شوي وښایاست	
document.type.selfie	Photo of your face	عکس روی شما	ستاسو د مخ عکس	
document.selfie.hint	Taken now with the camera, so it can be matched to your tazkira.	همین حالا با کمره گرفته شود تا با تذکره مقایسه شود.	همدا اوس دې په کمره واخیستل شي، څو له تذکرې سره پرتله شي.	
admin.approvals.identity	Identity check	بررسی هویت	د هویت کتنه	
admin.approvals.compare	Does the face match the tazkira?	آیا چهره با تذکره یکی است؟	ایا مخ له تذکرې سره سمون لري؟	
admin.approvals.no_selfie	No photo sent yet	هنوز عکسی فرستاده نشده	لا عکس نه دی لېږل شوی	
admin.approvals.no_tazkira	No tazkira sent yet	هنوز تذکره فرستاده نشده	لا تذکره نه ده لېږل شوې	
admin.approvals.file_unavailable	This file will not open.	این فایل باز نمی‌شود.	دا فایل نه پرانیستل کېږي.	
common.month.1	Jan	جنوری	جنوري	
common.month.2	Feb	فبروری	فبروري	
common.month.3	Mar	مارچ	مارچ	
common.month.4	Apr	اپریل	اپریل	
common.month.5	May	می	مې	
common.month.6	Jun	جون	جون	
common.month.7	Jul	جولای	جولای	
common.month.8	Aug	اگست	اګست	
common.month.9	Sep	سپتمبر	سپتمبر	
common.month.10	Oct	اکتوبر	اکتوبر	
common.month.11	Nov	نومبر	نومبر	
common.month.12	Dec	دسمبر	ډسمبر	
common.shamsi_month.1	Hamal	حمل	وری	
common.shamsi_month.2	Sawr	ثور	غویی	
common.shamsi_month.3	Jawza	جوزا	غبرګولی	
common.shamsi_month.4	Saratan	سرطان	چنګاښ	
common.shamsi_month.5	Asad	اسد	زمری	
common.shamsi_month.6	Sonbola	سنبله	وږی	
common.shamsi_month.7	Mizan	میزان	تله	
common.shamsi_month.8	Aqrab	عقرب	لړم	
common.shamsi_month.9	Qaws	قوس	لیندۍ	
common.shamsi_month.10	Jadi	جدی	مرغومی	
common.shamsi_month.11	Dalw	دلو	سلواغه	
common.shamsi_month.12	Hoot	حوت	کب	
common.state.unreachable	Cannot reach the server. This list could not be loaded — it is not empty.	به سرور وصل نشد. این لست بارگیری نشد — خالی نیست.	له سرور سره اړیکه ونه شوه. دا لست را نه شو — تش نه دی.	
common.state.unreachable_hint	The panel will keep trying. Check the internet connection.	پنل باز هم کوشش می‌کند. انترنت را چک کنید.	پینل به بیا هڅه وکړي. انټرنېټ وګورئ.	
error.driver_documents_expired	A document has expired. Send a new photo of it to work again.	یکی از اسناد شما تاریخش گذشته است. عکس نو آن را بفرستید تا دوباره کار کرده بتوانید.	ستاسو د یوه سند نېټه تېره ده. نوی عکس یې واستوئ چې بیا کار وکړئ.	
driver.documents.valid_until	Valid until {date}	تا {date} اعتبار دارد	تر {date} پورې اعتبار لري	
driver.documents.expiring_soon	Expires {date}. Send a new photo before then.	در {date} تمام می‌شود. پیش از آن عکس نو بفرستید.	په {date} کې پای ته رسېږي. تر هغې مخکې نوی عکس واستوئ.	
driver.documents.expired	Expired {date}. Send a new photo to work again.	در {date} تمام شده است. عکس نو بفرستید تا دوباره کار کرده بتوانید.	په {date} کې پای ته رسېدلی. نوی عکس واستوئ چې بیا کار وکړئ.	
error.vehicle_documents_incomplete	The vehicle's papers are not complete yet.	اسناد موتر هنوز تکمیل نیست.	د موټر اسناد لا بشپړ شوي نه دي.	
error.vehicle_documents_expired	The vehicle's permit has expired. Send a new photo of it to work again.	جواز سیر موتر تاریخش گذشته است. عکس نو آن را بفرستید تا دوباره کار کرده بتوانید.	د موټر د جواز سیر نېټه تېره شوې ده. د هغه نوی عکس واستوئ ترڅو بیا کار وکړای شئ.	
vehicle.documents.title	Papers for this vehicle	اسناد این موتر	د دې موټر اسناد	
vehicle.documents.subtitle	Each vehicle needs its own permit.	هر موتر جواز سیر خود را ضرورت دارد.	هر موټر خپل جواز سیر ته اړتیا لري.	
notify.trip.cancelled	Your trip {booking_number} was called off. You have not been charged.	سفر شما {booking_number} لغو شد. هیچ پولی از شما گرفته نشده است.	ستاسو سفر {booking_number} لغو شو. له تاسو څخه هیڅ پیسې نه دي اخیستل شوي.	
ride.offers.expired_title	Nobody answered in time	کسی به وقت جواب نداد	چا په وخت ځواب ورنه کړ	
ride.offers.expired_body	No driver named a price for this trip. Ask again — you can offer a different fare.	هیچ راننده‌ای برای این سفر قیمت نداد. دوباره بپرسید — می‌توانید کرایهٔ دیگری پیشنهاد کنید.	هیڅ چلوونکي د دې سفر لپاره بیه ونه ښوده. بیا یې وغواړئ — تاسو کولای شئ بله کرایه وړاندیز کړئ.	
ride.offers.cancelled_title	This request was cancelled	این درخواست لغو شد	دا غوښتنه لغوه شوه	
ride.offers.cancelled_body	Ask again whenever you are ready to travel.	هر وقت آمادهٔ سفر بودید دوباره بپرسید.	کله چې د سفر لپاره چمتو یاست بیا وپوښتئ.	
ride.offers.ask_again	Ask again	دوباره پرسیدن	بیا پوښتنه	
admin.routes.generate	Build routes for the new stations	ساختن مسیرها برای ایستگاه‌های نو	د نویو تم ځایونو لپاره لارې جوړې کړئ	
admin.routes.generate_hint	An imported station has no routes until this is run, and a station with no routes cannot be travelled from.	ایستگاهی که وارد شده تا این کار اجرا نشود هیچ مسیری ندارد، و از ایستگاه بدون مسیر سفر شده نمی‌تواند.	وارد شوی تم ځای تر هغه پورې هېڅ لاره نه لري چې دا کار اجرا شي، او له هغه تم ځای څخه چې لاره ونه لري سفر نه شي کېدای.	
admin.routes.generated	{created} routes created and {updated} updated, covering {stations} stations.	{created} مسیر ساخته شد و {updated} مسیر تازه شد، برای {stations} ایستگاه.	{created} لارې جوړې او {updated} لارې نوې شوې، چې {stations} تم ځایونه پوښي.	
admin.routes.generate_needed	The import created {stations} stations. They cannot be travelled from until routes are built for them.	این وارد کردن {stations} ایستگاه ساخت. تا زمانی که مسیرهای‌شان ساخته نشود، از آن‌ها سفر شده نمی‌تواند.	په واردولو سره {stations} تم ځایونه جوړ شول. تر هغو له دغو تم ځایونو څخه سفر نه شي کېدای چې لارې ورته جوړې نه شي.	
driver.trip.cancel	Cancel this trip	لغو این سفر	دا سفر لغوه کړئ	
driver.trip.cancel_title	Why can you not make this trip?	چرا این سفر را کرده نمی‌توانید؟	ولې دا سفر نه شئ کولی؟	
driver.trip.cancel_hint	The passenger is told at once. Cancelling often will suspend you.	به مسافر فوراً خبر داده می‌شود. لغو کردن پی‌درپی باعث معطلی شما می‌شود.	مسافر ته سمدلاسه خبر ورکول کېږي. ډېر لغو کول به ستاسو کار ودروي.	
driver.trip.cancel_confirm	Cancel the trip	سفر لغو شود	سفر لغوه شي	
error.ticket_invalid_transition	That request cannot be moved that way.	این درخواست به این حالت برده شده نمی‌تواند.	دا غوښتنه دې حالت ته نه شي وړل کېدای.	
safety.title	Get help	کمک بگیرید	مرسته وغواړئ	
safety.not_rescue	VELRO is not an emergency service. We cannot send anyone to you.	ولرو خدمات عاجل نیست. ما کسی را نزد شما فرستاده نمی‌توانیم.	ولرو بیړني خدمات نه دي. موږ تاسو ته څوک نه شو لېږلی.	
safety.call_emergency	Call {number}	زنگ زدن به {number}	{number} ته زنګ ووهئ	
safety.call_emergency_hint	Police and ambulance. Works without internet.	پولیس و امبولانس. بدون انترنت هم کار می‌کند.	پولیس او امبولانس. له انټرنېټ پرته هم کار کوي.	
safety.tell_someone	Send your details to someone you trust	معلومات خود را به کسی که اعتماد دارید بفرستید	خپل معلومات هغه چا ته ولېږئ چې باور پرې لرئ	
safety.tell_someone_hint	Opens a message with the car, the driver and your journey. You choose who to send it to.	پیامی با موتر، راننده و سفر شما باز می‌شود. خودتان انتخاب می‌کنید به کی بفرستید.	یو پیغام پرانیستل کېږي چې موټر، چلوونکی او ستاسو د سفر معلومات پکې وي. تاسو پخپله ټاکئ چې چا ته یې ولېږئ.	
safety.sms_body	I am in a VELRO car. Plate {plate}. Driver {driver}. Driver's number {driver_phone}. Booking {booking}. From {origin} to {destination}.	من در موتر ولرو هستم. پلیت {plate}. راننده {driver}. شماره راننده {driver_phone}. رزرو {booking}. از {origin} به {destination}.	زه د ولرو په موټر کې یم. پلېټ {plate}. چلوونکی {driver}. د چلوونکي شمېره {driver_phone}. ریزرف {booking}. له {origin} څخه تر {destination} پورې.	
safety.details_title	The car you are in	موتری که در آن هستید	هغه موټر چې تاسو پکې یاست	
safety.read_aloud	You can read this out on the phone.	این را در تیلفون خوانده می‌توانید.	دا په تلیفون کې لوستلی شئ.	
safety.report	Tell VELRO what happened	به ولرو بگویید چه شد	ولرو ته ووایاست څه وشول	
safety.report_hint	Office hours only. Nobody may read this until morning. If you are in danger now, call {number}.	فقط در ساعات کاری. شاید تا صبح کسی این را نخواند. اگر همین حالا در خطر هستید، به {number} زنگ بزنید.	یوازې د کار په ساعتونو کې. کېدای شي تر سهاره یې څوک ونه لولي. که همدا اوس په خطر کې یاست، {number} ته زنګ ووهئ.	
safety.report_sent	We have your report. Reference {reference}. Somebody will read it in office hours.	راپور شما رسید. نمبر {reference}. کسی در ساعات کاری آن را می‌خواند.	ستاسو راپور راورسېد. شمېره {reference}. څوک به یې د کار په ساعتونو کې ولولي.	
safety.no_ride	You are not on a ride right now.	شما همین حالا در سفر نیستید.	تاسو همدا اوس په سفر کې نه یاست.	
notify.support.received	We have your report. Reference {reference}.	راپور شما رسید. نمبر {reference}.	ستاسو راپور راورسېد. شمېره {reference}.	
notify.support.answered	VELRO answered your report {reference}.	ولرو به راپور {reference} شما جواب داد.	ولرو ستاسو {reference} راپور ته ځواب ورکړ.	
notify.support.resolved	Your report {reference} is marked resolved.	راپور {reference} شما حل‌شده نشانی شد.	ستاسو {reference} راپور حل شوی وګڼل شو.	
ticket.status.open	Not read yet	هنوز خوانده نشده	لا نه دی لوستل شوی	
ticket.status.in_progress	Being looked at	در حال بررسی	په کتنه کې	
ticket.status.resolved	Answered	جواب داده شد	ځواب ورکړل شو	
ticket.status.closed	Closed	بسته	تړل شوی	
ticket.category.safety	Safety	مصونیت	خوندیتوب	
ticket.category.lost_item	Something left in the car	چیزی در موتر مانده	په موټر کې پاتې شوی شی	
ticket.category.fare_dispute	The fare was wrong	کرایه غلط بود	کرایه سمه نه وه	
ticket.category.driver_conduct	How the driver behaved	رفتار راننده	د چلوونکي چلند	
ticket.category.passenger_conduct	How the passenger behaved	رفتار مسافر	د مسافر چلند	
ticket.category.vehicle_condition	The condition of the car	حالت موتر	د موټر حالت	
ticket.category.app_problem	A problem with the app	مشکل در اپ	په اپ کې ستونزه	
ticket.category.other	Something else	چیز دیگر	بل څه	
admin.nav.support	Support	پشتیبانی	ملاتړ	
admin.support.title	Support requests	درخواست‌های پشتیبانی	د ملاتړ غوښتنې	
admin.support.subtitle	Danger sorts above money. Nobody is watching overnight, so the order of this list is the triage.	خطر بالاتر از پول است. شب‌ها کسی نگاه نمی‌کند، پس ترتیب این لست خودش اولویت‌بندی است.	خطر تر پیسو لوړ دی. شپې لره څوک نه ګوري، نو د دې لست ترتیب پخپله لومړیتوب دی.	
admin.support.none	No open requests.	هیچ درخواست باز نیست.	هیڅ پرانیستې غوښتنه نشته.	
admin.support.open_count	{count} open	{count} باز	{count} پرانیستې	
admin.support.urgent_count	{count} urgent	{count} عاجل	{count} بیړنۍ	
admin.support.urgent	Urgent	عاجل	بیړنی	
admin.support.reply	Reply	جواب	ځواب	
admin.support.reply_placeholder	What are you telling them?	چه به او می‌گویید؟	څه ورته وایاست؟	
admin.support.internal_note	Internal note	یادداشت داخلی	دننه یادښت	
admin.support.internal_note_hint	Only staff see this. The person who reported it never does.	فقط کارمندان این را می‌بینند. کسی که راپور داده هرگز نمی‌بیند.	یوازې کارکوونکي یې ویني. هغه څوک چې راپور یې ورکړی هیڅکله یې نه ویني.	
admin.support.take	Start work	شروع کار	کار پیل کړئ	
admin.support.resolve	Mark answered	جواب داده شد	ځواب ورکړل شو	
admin.support.close	Close	بستن	تړل	
admin.support.reopen	Reopen	باز کردن دوباره	بیا پرانیستل	
admin.support.filter_all	All	همه	ټول	
admin.support.filter_open	Not read yet	هنوز خوانده نشده	لا نه دی لوستل شوی	
admin.support.filter_in_progress	Being looked at	در حال بررسی	په کتنه کې	
admin.support.raised_by	Raised by	راپور از	راپور له	
admin.support.about_trip	About trip	درباره سفر	د سفر په اړه	
admin.col.category	About	درباره	په اړه	
role.system	VELRO	ولرو	ولرو	
admin.support.reporter	The person who reported	کسی که راپور داده	هغه څوک چې راپور یې ورکړی	
admin.support.from_velro	VELRO	ولرو	ولرو	
safety.report_placeholder	What happened?	چه اتفاق افتاد؟	څه پیښ شول؟	
safety.my_reports	Your reports	راپورهای شما	ستاسو راپورونه	
safety.no_reports	You have not reported anything.	شما چیزی راپور نداده‌اید.	تاسو څه نه دي راپور کړي.	
safety.from_velro	VELRO	ولرو	ولرو	
safety.from_you	You	شما	تاسو	
safety.reply_placeholder	Add something	چیزی اضافه کنید	څه ورزیات کړئ	
safety.reply	Send	فرستادن	لېږل	
safety.closed_note	This report is closed. Raise a new one if you need to.	این راپور بسته است. اگر ضرورت دارید راپور نو بدهید.	دا راپور تړل شوی. که اړتیا لرئ نوی راپور ورکړئ.	
safety.awaiting_answer	Nobody has answered yet.	هنوز کسی جواب نداده است.	لا چا ځواب نه دی ورکړی.	
driver.nav.home	VELRO	ولرو	ولرو	
auth.sign_out_warning	Your journeys will be removed from this phone. You will need a connection to sign in again.	سفرهای شما از این تیلفون پاک می‌شود. برای ورود دوباره به انترنت ضرورت دارید.	ستاسو سفرونه به له دې تلیفونه پاک شي. د بیا ننوتلو لپاره به انټرنېټ ته اړتیا ولرئ.	
rating.thanks	Thank you. Your rating was sent.	تشکر. نظر شما فرستاده شد.	مننه. ستاسو نظر ولېږل شو.	
error.ride_request_already_open	You are already asking for a ride. Open it to see the prices drivers have offered.	شما همین حالا یک درخواست سفر باز دارید. آن را باز کنید تا قیمت‌های رانندگان را ببینید.	تاسو لا دمخه د سفر یوه غوښتنه پرانیستې لرئ. هغه پرانیزئ چې د چلوونکو وړاندیز شوې بیې وګورئ.	
home.open_request.title	You are asking for a ride	شما درخواست سفر داده‌اید	تاسو د سفر غوښتنه کړې	
home.open_request.offers	{count} drivers have named a price	{count} راننده قیمت داده‌اند	{count} چلوونکو بیه ښودلې	
home.open_request.waiting	Waiting for drivers	منتظر رانندگان	د چلوونکو په تمه	
home.open_request.expires_in	{minutes} minutes left	{minutes} دقیقه باقی است	{minutes} دقیقې پاتې دي	
home.open_request.expiring	Less than a minute left	کمتر از یک دقیقه باقی است	تر یوې دقیقې لږ پاتې دي	
home.open_request.open	See the prices	دیدن قیمت‌ها	بیې وګورئ	
driver.action.call_passenger	Call the passenger	زنگ زدن به مسافر	مسافر ته زنګ ووهئ	
booking.action.call_driver	Call the driver	زنگ زدن به راننده	چلوونکي ته زنګ ووهئ	
common.value.no_name	No name given	نام داده نشده	نوم نه دی ورکړل شوی	
common.value.unknown	Not known	نامعلوم	نامعلوم	
driver.greeting_no_name	Hello	سلام	سلام	
driver.welcome.title	Drive with VELRO	با ولرو موتر برانید	له ولرو سره موټر وچلوئ	
driver.welcome.body	Apply, then send photographs of your tazkira, your licence and the car's papers. VELRO checks them and tells you.	درخواست بدهید، بعد عکس تذکره، جواز رانندگی و اسناد موتر را بفرستید. ولرو آن‌ها را بررسی می‌کند و به شما خبر می‌دهد.	غوښتنه وکړئ، بیا د خپلې تذکرې، د موټر چلولو جواز او د موټر د اسنادو عکسونه ولېږئ. ولرو به یې وګوري او تاسو ته به خبر درکړي.	
profile.field.name	Your name	نام شما	ستاسو نوم	
profile.hint.name_driver	Passengers see this name when they choose your car.	مسافران این نام را وقتی می‌بینند که موتر شما را انتخاب می‌کنند.	مسافر دا نوم هغه وخت ویني چې ستاسو موټر غوره کوي.	
profile.hint.name_optional	You can leave this empty, or ask someone to write it for you.	این را خالی گذاشته می‌توانید، یا از کسی بخواهید که برای شما بنویسد.	دا خالي پرېښودلی شئ، یا له چا وغواړئ چې ستاسو لپاره یې ولیکي.	
admin.approvals.record_name	Name on the tazkira	نام روی تذکره	په تذکره کې نوم	
admin.approvals.name_hint	Passengers see this name when they choose his car. Leave it empty to approve without changing it.	مسافران این نام را وقتی می‌بینند که موتر او را انتخاب می‌کنند. اگر خالی بماند، نام تغییر نمی‌کند.	مسافر دا نوم هغه وخت ویني چې د هغه موټر غوره کوي. که خالي پاتې شي، نوم به بدل نه شي.	
driver.offline.title	You are offline	شما آفلاین هستید	تاسو آفلاین یاست	
driver.offline.body	Passengers cannot see you, and you cannot see who is waiting. Turn the switch above on to start.	مسافران شما را دیده نمی‌توانند و شما هم نمی‌بینید که کی منتظر است. برای شروع، کلید بالا را روشن کنید.	مسافران تاسو نه شي لیدلی، او تاسو هم نه وینئ چې څوک انتظار باسي. د پیل لپاره، پورتنۍ تڼۍ چالانه کړئ.	
driver.offline.waiting	Someone is waiting right now	همین حالا کسی منتظر است	همدا اوس څوک انتظار باسي	
driver.requests.none	Nobody is waiting right now. You will see them here.	همین حالا کسی منتظر نیست. وقتی باشد، همین‌جا می‌بینید.	همدا اوس څوک انتظار نه باسي. کله چې وي، همدلته به یې وګورئ.	
driver.board.already_offered	You have named a price	شما قیمت داده‌اید	تاسو بیه ورکړې ده	
driver.requests.arrived	A new passenger is waiting	مسافر نو منتظر است	نوی مسافر انتظار باسي	
driver.verify.boarded	Passenger verified. They are on board.	مسافر تأیید شد. سوار شده است.	مسافر تایید شو. سپور شوی دی.	
driver.verify.boarded_named	{name} is on board.	{name} سوار شده است.	{name} سپور شوی دی.	
driver.trip.completed	Trip complete. You earned {amount}.	سفر تکمیل شد. {amount} به دست آوردید.	سفر بشپړ شو. {amount} مو ترلاسه کړل.	
driver.trip.completed_plain	Trip complete.	سفر تکمیل شد.	سفر بشپړ شو.	
error.ride_request_departure_past	That time has already passed. Choose a later one.	آن وقت گذشته است. وقت دیرتری انتخاب کنید.	هغه وخت تېر شوی. وروسته وخت وټاکئ.	
error.ride_request_departure_too_far	You can arrange a ride up to {horizon_days} days ahead.	تا {horizon_days} روز پیشتر می‌توانید موتر بگیرید.	تاسو تر {horizon_days} ورځو مخکې پورې موټر نیولی شئ.	
error.ride_request_return_before_departure	The return must be after you set out.	برگشت باید بعد از رفتن باشد.	بېرته راتګ باید د تګ نه وروسته وي.	
error.fare_offer_return_mismatch	Please give a price for the return as well.	برای برگشت هم قیمت بدهید.	د بېرته راتګ لپاره هم بیه ورکړئ.	
error.currency_mismatch	Those prices are in different currencies.	این قیمت‌ها به پول‌های مختلف است.	دا بیې په بېلابېلو پیسو دي.	
error.geofence_outside	VELRO serves Kabul, Parwan and Ghorband for now. It looks like you are outside the service area, so we cannot send your request to drivers.	ولرو فعلاً در کابل، پروان و غوربند خدمات می‌دهد. به نظر می‌رسد بیرون از ساحهٔ پوشش هستید، بنابراین درخواست شما به راننده‌ها فرستاده نمی‌شود.	ولرو اوس مهال په کابل، پروان او غوربند کې خدمت کوي. داسې ښکاري چې تاسو د خدمت له سیمې بهر یاست، نو ستاسو غوښتنه چلوونکو ته نه شو لېږلی.	
error.user_already_suspended	That account is already suspended or closed.	آن حساب از قبل بند یا بسته است.	دا حساب لا دمخه ځنډول شوی یا تړل شوی دی.	
error.user_not_suspended	That account is not suspended.	آن حساب بند نیست.	دا حساب ځنډول شوی نه دی.	
road.alert.curve	Sharp bends ahead. Slow down.	کجی جاده پیش رو است. آهسته برانید.	مخکې د سړک سخت تاوونه دي. ورو موټر وچلوئ.	
road.alert.bazaar	Approaching a bazaar. Please take care.	به بازار نزدیک می‌شوید. لطفاً احتیاط کنید.	بازار ته نږدې کېږئ. مهرباني وکړئ پام وکړئ.	
road.alert.caution	Extra caution on this stretch. Drive slowly.	در این منطقه احتیاط بیشتر کنید. آهسته برانید.	په دې برخه کې ډېر پام وکړئ. ورو موټر وچلوئ.	
trip.vehicle_seen_now	Vehicle position: just now.	موقعیت موتر: همین حالا.	د موټر موقعیت: همدا اوس.	
trip.vehicle_seen	Vehicle last seen {minutes} min ago.	آخرین موقعیت موتر: {minutes} دقیقه پیش.	د موټر وروستی لیدل شوی موقعیت: {minutes} دقیقې مخکې.	
app.update.body	A new VELRO version is ready — tap to download.	نسخهٔ نو ولرو آماده است — برای دانلود فشار دهید.	د ولرو نوې نسخه چمتو ده — د ښکته کولو لپاره یې کېکاږئ.	
notif.duty.waiting	On duty — listening for ride requests.	در حال کار — گوش به زنگ درخواست‌های سفر.	په دنده — د سفر غوښتنو ته په تمه.	
notif.duty.on_trip	On a trip — map and road warnings active.	در سفر — نقشه و هشدارهای جاده فعال است.	په سفر کې — نقشه او د سړک خبرداري فعال دي.	
notif.ask.title	New ride request!	درخواست سفر نو!	د سفر نوې غوښتنه!	
notif.ask.body	A passenger is asking for a car. Open VELRO to answer.	مسافری موتر می‌خواهد. ولرو را باز کنید و جواب بدهید.	یو مسافر موټر غواړي. ولرو پرانیزئ او ځواب ورکړئ.	
notif.road.title	Road warning	هشدار جاده	د سړک خبرداری	
notif.offer.title	A trip is offered to you!	سفری برای شما پیشنهاد شد!	یو سفر تاسو ته وړاندیز شوی!	
notif.offer.body	The office has a trip for you. Open VELRO to take it before the offer runs out.	دفتر یک سفر برای شما دارد. ولرو را باز کنید و پیش از ختم مهلت آن را بگیرید.	دفتر تاسو ته یو سفر لري. ولرو پرانیزئ او مخکې له دې چې د وړاندیز موده پای ته ورسېږي، هغه واخلئ.	
notify.trip.offered	The office offered you trip {trip_number}. Open VELRO to take it.	دفتر سفر {trip_number} را به شما پیشنهاد کرد. ولرو را باز کنید و آن را بگیرید.	دفتر تاسو ته سفر {trip_number} وړاندیز کړی دی. ولرو پرانیزئ او هغه واخلئ.	
track.title	Track your ride	ردیابی سفر	خپل سفر وڅارئ	
track.eta	Arriving in about {minutes} min	رسیدن حدود {minutes} دقیقهٔ دیگر	شاوخوا {minutes} دقیقې وروسته به ورسېږي	
track.eta_now	The car is nearly there	موتر همین نزدیکی‌هاست	موټر نږدې دی	
track.eta_unknown	Waiting for the car's position…	در انتظار موقعیت موتر…	د موټر د موقعیت په تمه…	
track.call	Call	زنگ زدن	زنګ ووهئ	
track.awaiting_driver	No driver assigned yet.	هنوز راننده‌ای تعیین نشده است.	تر اوسه چلوونکی نه دی ټاکل شوی.	
track.open	Watch on the map	دیدن روی نقشه	پر نقشه یې وګورئ	
ride.distance_km	{km} km	{km} کیلومتر	{km} کیلومتره	
ride.duration_minutes	about {minutes} min	حدود {minutes} دقیقه	شاوخوا {minutes} دقیقې	
auth.channel.question	Where should we send the code?	کود را کجا بفرستیم؟	کوډ چېرته درولېږو؟	
auth.channel.sms	SMS	پیامک	SMS	
auth.channel.telegram	Telegram	تلگرام	Telegram	
auth.hint.code_sent_telegram	A verification code was sent to your Telegram	کود تأیید به تلگرام شما فرستاده شد	د تایید کوډ ستاسو Telegram ته ولېږل شو.	
auth.channel.email	Email	ایمیل	برېښنالیک	
auth.hint.code_sent_email	A verification code was sent to your email	کود تأیید به ایمیل شما فرستاده شد	د تأیید کوډ ستاسو برېښنالیک ته ولېږل شو	
auth.email.otp_subject	Your VELRO sign-in code	کود ورود ولرو	د ولرو د ننوتلو کوډ	
auth.email.otp	Your VELRO code is {code}. It expires in {ttl_minutes} minutes.\n\nIf you did not ask for this code, ignore this message.	کود ولرو شما {code} است. تا {ttl_minutes} دقیقه اعتبار دارد.\n\nاگر شما این کود را درخواست نکرده‌اید، این پیام را نادیده بگیرید.	ستاسو د ولرو کوډ {code} دی. تر {ttl_minutes} دقیقو پورې اعتبار لري.\n\nکه تاسو دا کوډ نه وي غوښتی، دا پیغام له پامه وغورځوئ.	
admin.ops.now	Right now	همین حالا	همدا اوس	
admin.ops.attention	Needs attention	نیاز به توجه	پاملرنې ته اړتیا	
admin.ops.all_clear	Nothing needs you right now.	فعلاً چیزی به شما نیاز ندارد.	اوس مهال هیڅ شی ستاسو پاملرنې ته اړتیا نلري.	
admin.ops.today	Today	امروز	نن	
admin.ops.money	Money today	پول امروز	د نن پیسې	
admin.ops.network	The network	شبکه	شبکه	
admin.ops.updated	Updated {time} · refreshes every half minute	به‌روز شده {time} · هر نیم دقیقه تازه می‌شود	تازه شوی {time} · هر نیمه دقیقه تازه کېږي	
admin.ops.open	Open	باز کردن	پرانیستل	
admin.ops.live_map	Live map	نقشهٔ زنده	ژوندۍ نقشه	new — please check the Pashto
admin.ops.week	The last seven days	هفت روز گذشته	تېرې اوه ورځې	new — please check the Pashto
admin.ops.app_versions	App versions	نسخه‌های اپ	د اپ نسخې	new — please check the Pashto
admin.map.on_trip	On a trip	در سفر	په سفر کې	new — please check the Pashto
admin.map.online	Online, waiting for a trip	آنلاین، منتظر سفر	آنلاین، د سفر په تمه	new — please check the Pashto
admin.map.stale	Location out of date	موقعیت به‌روز نیست	موقعیت تازه نه دی	new — please check the Pashto
admin.map.test	Test	آزمایشی	ازمېښتي	new — please check the Pashto
admin.map.test_legend	Test driver	رانندهٔ آزمایشی	ازمېښتي چلوونکی	new — please check the Pashto
admin.map.as_of	Positions as of {time}	موقعیت‌ها تا {time}	موقعیتونه تر {time} پورې	new — please check the Pashto
admin.map.none_online	No driver is online right now.	فعلاً هیچ راننده‌ای آنلاین نیست.	اوس مهال هېڅ چلوونکی آنلاین نه دی.	new — please check the Pashto
admin.map.no_fix_title	Online, but no location has arrived yet	آنلاین، اما هنوز موقعیتی نرسیده است	آنلاین، خو تر اوسه یې موقعیت نه دی رارسېدلی	new — please check the Pashto
admin.map.outside_title	Online, last seen far outside the service area	آنلاین، آخرین موقعیت بیرون از ساحهٔ خدمات	آنلاین، وروستی موقعیت یې د خدمت له سیمې ډېر لرې دی	new — please check the Pashto
admin.map.unavailable	The map could not be loaded. The counts and the list below are still current.	نقشه باز نشد. شمارش‌ها و فهرست پایین هنوز به‌روز است.	نقشه پرانیستل نه شوه. لاندې شمېرې او لړلیک لا هم تازه دي.	new — please check the Pashto
admin.map.not_supported	This server does not provide the live map yet.	این سرور هنوز نقشهٔ زنده را ارائه نمی‌کند.	دا سرور تر اوسه ژوندۍ نقشه نه وړاندې کوي.	new — please check the Pashto
admin.map.unnamed	Driver with no name on record	راننده بدون نام ثبت‌شده	چلوونکی چې نوم یې نه دی ثبت شوی	new — please check the Pashto
admin.map.trip	Trip {number}	سفر {number}	سفر {number}	new — please check the Pashto
admin.map.route	{origin} → {destination}	{origin} ← {destination}	{origin} ← {destination}	new — please check the Pashto
admin.map.last_fix	Last location {time}	آخرین موقعیت {time}	وروستی موقعیت {time}	new — please check the Pashto
admin.map.stale_warning	Out of date: the phone has not sent a location for a while.	به‌روز نیست: تیلفون مدتی است موقعیت نفرستاده است.	تازه نه دی: تلیفون له څه مودې راهیسې موقعیت نه دی لېږلی.	new — please check the Pashto
admin.map.zoom_in	Zoom in	بزرگ‌نمایی	لوی کول	new — please check the Pashto
admin.map.zoom_out	Zoom out	کوچک‌نمایی	کوچني کول	new — please check the Pashto
admin.map.attribution	Map sources	منابع نقشه	د نقشې سرچینې	new — please check the Pashto
admin.map.gesture_windows	Hold Ctrl and scroll to zoom the map	برای بزرگ‌نمایی نقشه، Ctrl را نگه دارید و اسکرول کنید	د نقشې د لویولو لپاره Ctrl ونیسئ او سکرول وکړئ	new — please check the Pashto
admin.map.gesture_mac	Hold ⌘ and scroll to zoom the map	برای بزرگ‌نمایی نقشه، ⌘ را نگه دارید و اسکرول کنید	د نقشې د لویولو لپاره ⌘ ونیسئ او سکرول وکړئ	new — please check the Pashto
admin.map.gesture_touch	Use two fingers to move the map	برای حرکت دادن نقشه از دو انگشت استفاده کنید	د نقشې د خوځولو لپاره دوه ګوتې وکاروئ	new — please check the Pashto
admin.week.trips_title	Bookings and completed trips per day	رزروها و سفرهای تکمیل‌شده در هر روز	په هره ورځ ریزرفونه او بشپړ شوي سفرونه	new — please check the Pashto
admin.week.fares_title	Fares per day, in {currency}	کرایه‌ها در هر روز، به {currency}	په هره ورځ کرایې، په {currency}	new — please check the Pashto
admin.week.bookings	Bookings	رزروها	ریزرفونه	new — please check the Pashto
admin.week.completed	Completed trips	سفرهای تکمیل‌شده	بشپړ شوي سفرونه	new — please check the Pashto
admin.week.fares	Fares	کرایه‌ها	کرایې	new — please check the Pashto
admin.week.day	Day	روز	ورځ	new — please check the Pashto
admin.week.show_table	Show as a table	نمایش به شکل جدول	د جدول په بڼه یې وښایاست	new — please check the Pashto
admin.week.show_chart	Show as a chart	نمایش به شکل نمودار	د چارټ په بڼه یې وښایاست	new — please check the Pashto
admin.week.empty	Nothing in the last seven days.	در هفت روز گذشته چیزی ثبت نشده است.	په تېرو اوو ورځو کې هېڅ شی نه دی ثبت شوی.	new — please check the Pashto
admin.week.bar_label	{series}: {value}, {date}	{series}: {value}، {date}	{series}: {value}، {date}	new — please check the Pashto
admin.apps.note	Anonymous counts of app launches over the last {days} days, sent by Android apps that report their version (from the next release on). They count launches, not people.	شمار بی‌نام باز شدن اپ در {days} روز گذشته، از اپ‌های اندروید که نسخهٔ خود را گزارش می‌دهند (از نسخهٔ بعدی به بعد). این شمار دفعات باز شدن است، نه تعداد افراد.	په تېرو {days} ورځو کې د اپ د پرانیستلو بې نومه شمېر، له هغو اندرویډ اپونو څخه چې د خپلې نسخې راپور ورکوي (له راتلونکې نسخې څخه پیل). دا د پرانیستلو شمېر دی، نه د خلکو.	new — please check the Pashto
admin.apps.passenger	Passenger app	اپ مسافر	د مسافر اپ	new — please check the Pashto
admin.apps.driver	Driver app	اپ راننده	د چلوونکي اپ	new — please check the Pashto
admin.apps.latest	Latest published:	آخرین نسخهٔ منتشرشده:	وروستۍ خپره شوې نسخه:	new — please check the Pashto
admin.apps.latest_none	No published version on record.	هیچ نسخهٔ منتشرشده‌ای ثبت نشده است.	هېڅ خپره شوې نسخه نه ده ثبت شوې.	new — please check the Pashto
admin.apps.version	Version	نسخه	نسخه	new — please check the Pashto
admin.apps.platform	Platform	پلتفورم	پلېټفارم	new — please check the Pashto
admin.apps.launches	Launches	دفعات باز شدن	د پرانیستلو شمېر	new — please check the Pashto
admin.apps.share	Share of launches	سهم	برخه	new — please check the Pashto
admin.apps.share_value	{value}%	{value}٪	{value}٪	new — please check the Pashto
admin.apps.state_latest	Latest	آخرین	وروستۍ	new — please check the Pashto
admin.apps.state_outdated	Outdated	قدیمی	زړه	new — please check the Pashto
admin.apps.none	No reports yet.	هنوز گزارشی نرسیده است.	تر اوسه هېڅ راپور نه دی رارسېدلی.	new — please check the Pashto
admin.apps.platform_android	Android	اندروید	اندرویډ	new — please check the Pashto
admin.apps.platform_ios	iOS	آی‌اواس	آی او اس	new — please check the Pashto
admin.stat.on_the_way	On the way to pick up	در راه به ایستگاه	د ایستګاه په لور	
admin.stat.at_the_station	At the station	در ایستگاه	په ایستګاه کې	
admin.stat.moving	In transit	در حال سفر	په سفر کې	
admin.stat.departing_soon	Departing within 2 hours	حرکت تا ۲ ساعت دیگر	تر ۲ ساعتونو پورې حرکت	
admin.stat.departures_at_risk	Departures at risk	حرکت‌های در خطر	په خطر کې حرکتونه	
admin.stat.at_risk_hint	Leaving within the hour with no driver	تا یک ساعت دیگر حرکت می‌کند و راننده ندارد	تر یو ساعت پورې حرکت کوي او موټروان نلري	
admin.stat.overdue	Overdue trips	سفرهای عقب‌افتاده	ځنډېدلي سفرونه	
admin.stat.overdue_hint	Departure time passed, nobody moved it	وقت حرکت گذشته و کسی آن را پیش نبرده	د حرکت وخت تېر شوی او چا نه دی پرمخ وړی	
admin.stat.open_requests	Passengers waiting for offers	مسافران منتظر پیشنهاد	د وړاندیز په تمه مسافر	
admin.stat.unanswered_requests	Requests with no offer yet	درخواست‌های بی‌پاسخ	بې ځوابه غوښتنې	
admin.stat.pending_documents	Documents to review	اسناد در انتظار بررسی	د کتنې په تمه اسناد	
admin.stat.expiring_documents	Documents expiring within 30 days	اسنادی که تا ۳۰ روز دیگر منقضی می‌شوند	اسناد چې تر ۳۰ ورځو پورې پای ته رسېږي	
admin.stat.open_tickets	Open support requests	درخواست‌های پشتیبانی باز	پرانیستې د ملاتړ غوښتنې	
admin.stat.stale_gps	Working drivers without a GPS fix	راننده‌های فعال بدون موقعیت	فعال موټروان چې موقعیت نلري	
admin.stat.completed_today	Completed today	تکمیل‌شده امروز	نن بشپړ شوي	
admin.stat.utilisation	Seats sold today	چوکی‌های فروخته‌شده امروز	نن پلورل شوې چوکۍ	
admin.stat.nearly_full	Nearly full departures	حرکت‌های تقریباً پر	نږدې ډک حرکتونه	
admin.stat.empty_departures	Leaving within 3 hours with nobody booked	تا ۳ ساعت دیگر حرکت می‌کند و کسی رزرو نکرده	تر ۳ ساعتونو پورې حرکت کوي او چا نه دی نیولی	
admin.stat.drivers_on_trip	On a trip	در سفر	په سفر کې	
admin.stat.drivers_offline	Approved, offline	تأییدشده، آفلاین	تایید شوي، آفلاین	
admin.stat.drivers_suspended	Suspended	معلق	ځنډول شوي	
admin.stat.cash_owed	Cash held by drivers, owed to VELRO	پول نقد نزد راننده‌ها، بدهی به ولرو	د موټروانانو سره نغدې پیسې، ولرو ته پور	
admin.stat.settlements_open	Settlements waiting	تسویه‌های در انتظار	د تصفیې په تمه	
admin.stat.routes_active	Active routes	مسیرهای فعال	فعالې لارې	
admin.stat.villages_without_coordinates	Villages the map cannot place	قریه‌های بدون مختصات	بې موقعیته کلي	
admin.stat.villages_without_stations	Villages with no station	قریه‌های بدون ایستگاه	بې ایستګاه کلي	
admin.stat.stations_without_routes	Stations with no route	ایستگاه‌های بدون مسیر	بې لارې ایستګاهونه	
admin.stat.routes_without_trips	Routes with no upcoming trip	مسیرهای بدون سفر آینده	لارې چې راتلونکی سفر نلري	
admin.dispatch.at_risk	At risk	در خطر	په خطر کې	
admin.dispatch.in_minutes	in {minutes} min	{minutes} دقیقه دیگر	{minutes} دقیقې وروسته	
admin.dispatch.minutes_ago	{minutes} min ago	{minutes} دقیقه پیش	{minutes} دقیقې مخکې	
admin.dispatch.in_hours	in {hours} h {minutes} min	{hours} ساعت و {minutes} دقیقه دیگر	{hours} ساعته او {minutes} دقیقې وروسته	
admin.dispatch.offers_open	{count} waiting for an answer	{count} در انتظار پاسخ	{count} د ځواب په تمه	
admin.dispatch.expires_in	expire in {minutes} min	تا {minutes} دقیقه دیگر منقضی می‌شود	تر {minutes} دقیقو پورې پای ته رسېږي	
admin.dispatch.no_offers	Nobody asked yet	هنوز به کسی پیشنهاد نشده	تر اوسه چا ته وړاندیز نه دی شوی	
admin.dispatch.candidates	{count} online with room	{count} آنلاین با جای کافی	{count} آنلاین چې ځای لري	
admin.dispatch.nobody_online	Nobody online with room	هیچ‌کس آنلاین با جای کافی نیست	هیڅوک آنلاین نه دی چې ځای ولري	
admin.dispatch.summary	{at_risk} at risk · {drivers} drivers available	{at_risk} در خطر · {drivers} راننده در دسترس	{at_risk} په خطر کې · {drivers} موټروان شته	
admin.dispatch.offered	Offered to {count} drivers	به {count} راننده پیشنهاد شد	{count} موټروانانو ته وړاندیز وشو	
admin.dispatch.already_offered	Every driver who could take it already has the offer.	همه راننده‌هایی که می‌توانند، قبلاً پیشنهاد را دارند.	هر موټروان چې کولی شي، مخکې له مخکې وړاندیز لري.	
admin.action.offer_again	Offer again	پیشنهاد دوباره	بیا وړاندیز	
admin.col.offers	Offers	پیشنهادها	وړاندیزونه	
admin.col.available	Available	در دسترس	شته	
admin.col.last_seen	Last seen	آخرین موقعیت	وروستی موقعیت	
admin.filter.needs_driver	Needs a driver	راننده ندارد	موټروان نلري	
admin.filter.overdue	Overdue	عقب‌افتاده	ځنډېدلي	
admin.filter.departing_soon	Departing within 2 h	حرکت تا ۲ ساعت	تر ۲ ساعتونو حرکت	
admin.filter.stale_gps	Without a fix	بدون موقعیت	بې موقعیته	
admin.filter.without_coordinates	Without coordinates	بدون مختصات	بې موقعیته	
admin.filter.without_stations	Without a station	بدون ایستگاه	بې ایستګاه	
common.value.never	Never	هرگز	هېڅکله	
common.value.minutes_ago	{minutes} min ago	{minutes} دقیقه پیش	{minutes} دقیقې مخکې	
common.value.hours_ago	{hours} h ago	{hours} ساعت پیش	{hours} ساعته مخکې	
common.value.days_ago	{days} days ago	{days} روز پیش	{days} ورځې مخکې	
driver.trip.start_unverified_title	Start anyway?	با این حال شروع شود؟	بیا هم پیل شي؟	
driver.trip.start_unverified_body	{unverified} of {total} passengers not yet verified.	{unverified} از {total} مسافر هنوز تأیید نشده است.	له {total} مسافرو څخه {unverified} لا تر اوسه تایید شوي نه دي.	
driver.trip.start_unverified_confirm	Start	شروع شود	پیل کړئ	
driver.trip.start_unverified_back	Go back	برگردید	بېرته لاړ شئ	
error.geofence_location_required	We need your location to confirm you are in a VELRO area. Please allow location access and try again.	برای تأیید اینکه در ساحهٔ پوشش ولرو هستید، به موقعیت شما نیاز داریم. لطفاً اجازهٔ دسترسی به موقعیت را بدهید و دوباره تلاش کنید.	د دې لپاره چې ډاډ ترلاسه کړو تاسو د ولرو د خدمت په سیمه کې یاست، ستاسو موقعیت ته اړتیا لرو. مهرباني وکړئ د موقعیت اجازه ورکړئ او بیا هڅه وکړئ.	
location.permission.rationale	VELRO asks for your location only to confirm you are inside the service area.	ولرو موقعیت شما را فقط برای تأیید اینکه در ساحهٔ پوشش هستید می‌پرسد.	ولرو ستاسو موقعیت یوازې د دې لپاره غواړي چې ډاډ ترلاسه کړي تاسو د خدمت په سیمه کې یاست.	
location.permission.rationale.driver	VELRO Driver uses your location while you are on a trip, to show your car to the passengers you are driving and to warn you about dangerous stretches of road.	ولرو راننده موقعیت شما را فقط هنگام سفر به کار می‌برد، تا موتر شما را به مسافرانی که می‌برید نشان دهد و شما را از جاهای خطرناک سرک آگاه کند.	د ولرو چلوونکی ستاسو ځای یوازې د سفر پر مهال کاروي، څو ستاسو موټر هغو مسافرو ته وښيي چې تاسو يې وړئ او تاسو د سړک له خطرناکو ځایونو خبر کړي.	new — please check the Pashto
location.permission.denied	Location access is off for VELRO. Turn it on in your phone's settings, then try again.	دسترسی ولرو به موقعیت خاموش است. آن را در تنظیمات تیلفون خود روشن کنید و دوباره تلاش کنید.	د ولرو لپاره د موقعیت لاسرسی بند دی. د خپل تلیفون له تنظیماتو څخه یې فعال کړئ، بیا هڅه وکړئ.	
location.action.open_settings	Open settings	باز کردن تنظیمات	تنظیمات پرانیزئ	
sync.queued.generic	Saved. It will be sent when the connection returns.	ذخیره شد. با برگشتن انترنت فرستاده می‌شود.	خوندي شو. انټرنېټ چې راستون شو، لېږل کېږي.	
sync.queued.booking_title	Your seat request is saved — you do not have a seat yet	درخواست چوکی شما ذخیره شد — هنوز چوکی ندارید	ستاسو د چوکۍ غوښتنه خوندي شوه — تر اوسه چوکۍ نه لرئ	
sync.queued.booking_body	There was no connection. The request will be sent the moment signal returns, and the answer will appear on the home screen. Do not travel to the station on this alone.	انترنت نبود. به محض برگشتن سیگنال، درخواست فرستاده می‌شود و نتیجه در صفحه اصلی ظاهر می‌شود. تنها با تکیه بر این به ایستگاه نروید.	انټرنېټ نه و. سیګنال چې راستون شو، غوښتنه لېږل کېږي او پایله یې په اصلي پاڼه کې ښکاري. یوازې پر دې تکیه تم ځای ته مه ځئ.	
sync.pending.count	{count} saved actions are waiting for a connection	{count} کار ذخیره‌شده منتظر انترنت است	{count} خوندي شوي کارونه انټرنېټ ته په تمه دي	
sync.failed.title	Could not be sent	فرستاده نشد	ونه لېږل شو	
sync.kind.book_seats	Seat booking	رزرو چوکی	د چوکۍ ریزرف	
sync.kind.cancel_booking	Booking cancellation	لغو رزرو	د ریزرف لغوه	
sync.kind.rate_trip	Trip rating	امتیاز سفر	د سفر ستوری	
document.source.camera	Take a photo	عکس بگیرید	انځور واخلئ	new — please check the Pashto
document.source.library	Choose from your photos	از عکس‌های خود انتخاب کنید	له خپلو انځورونو یې وټاکئ	new — please check the Pashto
camera.permission.rationale.driver	VELRO Driver uses the camera to photograph your documents, your vehicle's papers and your face, so VELRO can check who is driving.	ولرو راننده از کمره برای عکس گرفتن از اسناد شما، اسناد موتر و چهره شما استفاده می‌کند تا ولرو بداند چه کسی رانندگی می‌کند.	د ولرو چلوونکی کمره ستاسو د اسنادو، د موټر د اسنادو او ستاسو د مخ د انځور اخیستو لپاره کاروي، څو ولرو وپوهیږي چې څوک موټر چلوي.	new — please check the Pashto
ops.title	VELRO Ops	عملیات ولرو	د ولرو عملیات	new — please check the Pashto
ops.nav.command_centre	Command centre	مرکز کنترول	د کنټرول مرکز	new — please check the Pashto
ops.tab.queues	Queues	کارهای در انتظار	پاتې کارونه	new — please check the Pashto
ops.tab.operations	Operations	عملیات	عملیات	new — please check the Pashto
ops.tab.directory	Directory	فهرست‌ها	لړلیکونه	new — please check the Pashto
ops.tab.more	More	بیشتر	نور	new — please check the Pashto
ops.placeholder.body	This screen is being built.	این صفحه در حال ساخت است.	دا پاڼه لا جوړېږي.	new — please check the Pashto
ops.settings.roles	Roles	نقش‌ها	رولونه	new — please check the Pashto
ops.settings.version	Version {version} ({build})	نسخه {version} ({build})	نسخه {version} ({build})	new — please check the Pashto
ops.offline.banner	No connection to the server. Showing the last information received.	اتصال با سرور برقرار نیست. آخرین معلومات دریافت‌شده نشان داده می‌شود.	له سرور سره اړیکه نشته. وروستي ترلاسه شوي معلومات ښودل کېږي.	new — please check the Pashto
ops.error.reference	Reference {id}	شماره پیگیری {id}	د تعقیب شمېره {id}	new — please check the Pashto
ops.map.filter.waiting	Waiting	منتظر	په تمه	new — please check the Pashto
ops.map.search_prompt	Name, plate or phone	نام، نمبر پلیت یا تیلفون	نوم، د پلېټ شمېره یا تلیفون	new — please check the Pashto
ops.map.view_map	Map	نقشه	نقشه	new — please check the Pashto
ops.map.view_list	List	فهرست	لړلیک	new — please check the Pashto
ops.map.trip_details	Trip details	جزئیات سفر	د سفر جزئیات	new — please check the Pashto
ops.map.driver_details	Driver details	جزئیات راننده	د چلوونکي جزئیات	new — please check the Pashto
ops.map.show_on_map	Show on the map	نمایش روی نقشه	په نقشه کې ښودل	new — please check the Pashto
ops.map.fit_cars	Fit the map to the cars	نمایش همهٔ موترها روی نقشه	ټول موټرونه په نقشه کې ښودل	new — please check the Pashto
ops.map.frame_region	Show the whole service area	نمایش تمام ساحهٔ خدمات	د خدمت ټوله سیمه ښودل	new — please check the Pashto
ops.map.no_match	No driver matches this search or filter.	هیچ راننده‌ای با این جستجو یا فلتر مطابقت ندارد.	هېڅ چلوونکی له دې لټون یا فلټر سره سمون نه خوري.	new — please check the Pashto
ops.map.off_map	{count} not on the map	{count} نفر روی نقشه نیستند	{count} تنه په نقشه کې نه دي	new — please check the Pashto
ops.queue.waiting	{count} waiting	{count} در انتظار	{count} په تمه	new — please check the Pashto
ops.approvals.progress	{verified} of {required} verified	{verified} از {required} تأیید شده	{verified} له {required} څخه تایید شوي	new — please check the Pashto
ops.approvals.select_vehicle	Choose a vehicle to review.	یک موتر را برای بررسی انتخاب کنید.	د کتنې لپاره یو موټر وټاکئ.	new — please check the Pashto
ops.approvals.has_expiry	This document has an expiry date	این سند تاریخ انقضا دارد	دا سند د پای نېټه لري	new — please check the Pashto
ops.approvals.expiry_hint	Read the date off the document itself. After that day the document no longer counts.	تاریخ را از روی خود سند بخوانید. بعد از آن روز، این سند دیگر اعتبار ندارد.	نېټه پخپله له سنده ولولئ. له هغې ورځې وروسته دا سند نور اعتبار نه لري.	new — please check the Pashto
ops.approvals.expiry_needed	Choose the date printed on the document.	تاریخی را که روی سند چاپ شده انتخاب کنید.	هغه نېټه وټاکئ چې په سند چاپ شوې ده.	new — please check the Pashto
ops.approvals.approve_confirm	{name} will be able to go online and receive trips.	{name} می‌تواند آنلاین شود و سفر دریافت کند.	{name} به وکولای شي آنلاین شي او سفرونه ترلاسه کړي.	new — please check the Pashto
ops.approvals.suspend_hint	He will not receive any work until someone approves him again. Say why; it is recorded.	تا وقتی کسی دوباره او را تأیید نکند، هیچ کاری دریافت نمی‌کند. دلیل را بنویسید؛ ثبت می‌شود.	تر هغه چې څوک یې بیا تایید نه کړي، هېڅ کار نه ترلاسه کوي. دلیل ولیکئ؛ ثبتېږي.	new — please check the Pashto
ops.reject.presets	Common reasons	دلیل‌های رایج	عام دلیلونه	new — please check the Pashto
ops.reject.blurry	The photo is blurry. Take it again in good light.	عکس واضح نیست. در روشنی خوب دوباره عکس بگیرید.	انځور روښانه نه دی. په ښه رڼا کې بیا انځور واخلئ.	new — please check the Pashto
ops.reject.cut_off	Part of the document is cut off. Photograph the whole page.	بخشی از سند در عکس نیامده است. از تمام صفحه عکس بگیرید.	د سند یوه برخه په انځور کې نه ښکاري. د ټولې پاڼې انځور واخلئ.	new — please check the Pashto
ops.reject.expired	This document has expired. Send a current one.	این سند منقضی شده است. یک سند معتبر بفرستید.	د دې سند موده پای ته رسېدلې ده. یو اعتبار لرونکی سند راواستوئ.	new — please check the Pashto
ops.reject.wrong_document	This is not the document we asked for.	این سندی نیست که خواسته بودیم.	دا هغه سند نه دی چې موږ غوښتی و.	new — please check the Pashto
ops.reject.face_mismatch	The face in the photo does not match the tazkira.	چهره در عکس با تذکره مطابقت ندارد.	په انځور کې څېره له تذکرې سره سمون نه لري.	new — please check the Pashto
ops.vehicles.colour	Colour	رنگ	رنګ	new — please check the Pashto
ops.vehicles.reject_reason	Why is this vehicle being refused? The reason is recorded.	چرا این موتر رد می‌شود؟ دلیل ثبت می‌شود.	دا موټر ولې ردېږي؟ دلیل ثبتېږي.	new — please check the Pashto
ops.vehicles.driver_not_approved	His own papers are not approved yet. The car can be activated, but he cannot work until they are.	اسناد خود راننده هنوز تأیید نشده است. موتر را می‌توان فعال کرد، اما تا تأیید آن‌ها نمی‌تواند کار کند.	د چلوونکي خپل اسناد لا تایید شوي نه دي. موټر فعالېدای شي، خو تر هغو چې تایید شي، کار نه شي کولای.	new — please check the Pashto
ops.vehicles.open_driver	Review his papers	بررسی اسناد راننده	د چلوونکي اسناد وګورئ	new — please check the Pashto
ops.vehicles.activate_confirm	{plate} will be able to carry passengers.	{plate} می‌تواند مسافر ببرد.	{plate} به وکولای شي سپرلي یوسي.	new — please check the Pashto
ops.payouts.direction.payout	VELRO pays the driver	ولرو به راننده می‌پردازد	ولرو چلوونکي ته پیسې ورکوي	new — please check the Pashto
ops.payouts.direction.collection	The driver pays VELRO	راننده به ولرو می‌پردازد	چلوونکی ولرو ته پیسې ورکوي	new — please check the Pashto
ops.payouts.to_pay	To pay drivers	برای پرداخت به رانندگان	چلوونکو ته د ورکړې لپاره	new — please check the Pashto
ops.payouts.to_collect	To collect from drivers	برای دریافت از رانندگان	له چلوونکو د راټولولو لپاره	new — please check the Pashto
ops.payouts.start_hint	The driver sees that it is being handled.	راننده می‌بیند که به آن رسیدگی می‌شود.	چلوونکی ویني چې دا کار روان دی.	new — please check the Pashto
ops.payouts.confirm_paid	Mark it paid only once the money has reached the driver. This cannot be undone.	فقط وقتی پرداخت‌شده ثبت کنید که پول به راننده رسیده باشد. این کار برگشت‌پذیر نیست.	یوازې هغه وخت یې ورکړل شوې په نښه کړئ چې پیسې چلوونکي ته رسېدلې وي. دا کار بېرته نه ګرځي.	new — please check the Pashto
ops.payouts.confirm_collected	Mark it paid only once the cash is in VELRO's hands. This cannot be undone.	فقط وقتی پرداخت‌شده ثبت کنید که پول نقد به دست ولرو رسیده باشد. این کار برگشت‌پذیر نیست.	یوازې هغه وخت یې ورکړل شوې په نښه کړئ چې نغدې پیسې ولرو ته رسېدلې وي. دا کار بېرته نه ګرځي.	new — please check the Pashto
ops.payouts.reject_payout_hint	The money goes back to his balance and he can ask again.	پول به موجودی او برمی‌گردد و می‌تواند دوباره درخواست کند.	پیسې بېرته د هغه بیلانس ته ورګرځي او بیا غوښتنه کولای شي.	new — please check the Pashto
ops.payouts.reject_collection_hint	What he owes goes back to how it was. Say why; the driver reads it.	بدهی او به حالت قبل برمی‌گردد. دلیل را بنویسید؛ راننده آن را می‌خواند.	د هغه پور بېرته پخوانی حالت ته ګرځي. دلیل ولیکئ؛ چلوونکی یې لولي.	new — please check the Pashto
ops.payouts.collect_all	All of it ({amount})	همه‌اش ({amount})	ټول ({amount})	new — please check the Pashto
ops.payouts.collect_part	Part of it	بخشی از آن	یوه برخه	new — please check the Pashto
ops.payouts.collect_hint	Record it once the cash is in your hands. It waits in the queue until someone marks it paid.	وقتی پول نقد به دستتان رسید ثبت کنید. تا کسی آن را پرداخت‌شده ثبت نکند، در صف می‌ماند.	کله چې نغدې پیسې درته ورسېږي، ثبت یې کړئ. تر هغه په کتار کې پاتې کېږي چې څوک یې ورکړل شوې په نښه کړي.	new — please check the Pashto
ops.payouts.collect_too_much	That is more than he owes.	این بیشتر از بدهی اوست.	دا له هغه پور څخه ډېر دی.	new — please check the Pashto
ops.payouts.open_already	{reference} is already in the queue	{reference} از قبل در صف است	{reference} له مخکې په کتار کې دی	new — please check the Pashto
ops.finance.split_title	How the fares were split	کرایه‌ها چگونه تقسیم شد	کرایې څنګه ووېشل شوې	new — please check the Pashto
ops.finance.method_title	How passengers paid	مسافران چگونه پرداختند	سپرليو څنګه پیسې ورکړې	new — please check the Pashto
ops.finance.compare_title	Average per day, by period	میانگین روزانه، بر اساس دوره	د ورځې اوسط، د مودې له مخې	new — please check the Pashto
ops.finance.take_rate	Commission rate	نرخ کمیسیون	د کمیشن کچه	new — please check the Pashto
ops.finance.average_fare	Average fare	میانگین کرایه	منځنۍ کرایه	new — please check the Pashto
ops.finance.empty	No completed fares in this period.	در این دوره هیچ کرایهٔ تکمیل‌شده‌ای نیست.	په دې موده کې هېڅ بشپړه شوې کرایه نشته.	new — please check the Pashto
ops.viewer.zoom_in	Zoom in	بزرگ‌نمایی	لوی کول	new — please check the Pashto
ops.viewer.zoom_out	Zoom out	کوچک‌نمایی	کوچني کول	new — please check the Pashto
ops.viewer.reset	Fit to screen	اندازهٔ صفحه	د پردې په اندازه	new — please check the Pashto
ops.viewer.rotate	Rotate	چرخاندن	څرخول	new — please check the Pashto
ops.dispatch.window	Next {hours} h	{hours} ساعت آینده	راتلونکي {hours} ساعته	new — please check the Pashto
ops.dispatch.offer_confirm	Trip {number} will be offered to every driver online with room ({count}). Each is notified, and the first to accept takes it.	سفر {number} به همهٔ راننده‌های آنلاین که جای کافی دارند ({count}) پیشنهاد می‌شود. به هر کدام خبر داده می‌شود و اولین کسی که قبول کند آن را می‌گیرد.	د {number} سفر وړاندیز به ټولو هغو آنلاین چلوونکو ته وشي چې ځای لري ({count}). هر یو ته خبر ورکول کېږي، او لومړنی چلوونکی چې یې ومني هغه یې اخلي.	new — please check the Pashto
ops.trips.departing_within	Departing within {hours} h	حرکت تا {hours} ساعت	تر {hours} ساعتونو حرکت	new — please check the Pashto
ops.trips.choose	Choose a trip to see its details and who is booked on it.	یک سفر را انتخاب کنید تا جزئیات آن و کسانی را که رزرو کرده‌اند ببینید.	یو سفر وټاکئ څو د هغه جزییات او هغه کسان ووینئ چې ریزرف یې کړی.	new — please check the Pashto
ops.requests.choose	Choose a request to see what drivers have offered.	یک درخواست را انتخاب کنید تا پیشنهادهای رانندگان را ببینید.	یوه غوښتنه وټاکئ څو د چلوونکو وړاندیزونه ووینئ.	new — please check the Pashto
ops.bookings.choose	Choose a booking to see its details.	یک رزرو را برای دیدن جزئیات آن انتخاب کنید.	د جزییاتو د لیدو لپاره یو ریزرف وټاکئ.	new — please check the Pashto
ops.drivers.choose	Choose a driver to see his profile, car and documents.	یک راننده را انتخاب کنید تا مشخصات، موتر و اسناد او را ببینید.	یو چلوونکی وټاکئ څو د هغه پېژندنه، موټر او اسناد ووینئ.	new — please check the Pashto
ops.drivers.none	No drivers match this filter.	هیچ راننده‌ای با این فیلتر مطابقت ندارد.	هیڅ چلوونکی له دې فلټر سره سمون نه لري.	new — please check the Pashto
ops.drivers.search	Name, phone or plate	نام، شماره تلفن یا نمبر پلیت	نوم، د تلیفون شمېره یا د پلېټ شمېره	new — please check the Pashto
ops.drivers.suspend_hint	He stops receiving trips at once. A driver with passengers aboard cannot be suspended.	او فوراً دیگر سفر دریافت نمی‌کند. راننده‌ای که مسافر در موتر دارد تعلیق شده نمی‌تواند.	هغه سمدستي نور سفرونه نه ترلاسه کوي. هغه چلوونکی چې په موټر کې یې سپاره وي نه شي ځنډول کېدای.	new — please check the Pashto
ops.drivers.suspend_reason	Why is he being suspended? Staff read this in the audit log.	چرا تعلیق می‌شود؟ کارمندان این را در سابقه فعالیت می‌خوانند.	ولې ځنډول کېږي؟ کارکوونکي دا د فعالیت په ثبت کې لولي.	new — please check the Pashto
ops.drivers.reinstate_hint	He can go online and receive trips again. Refused while a required document is not verified.	او دوباره می‌تواند آنلاین شود و سفر بگیرد. تا وقتی یک سند لازمی تأیید نشده باشد، رد می‌شود.	هغه بیا آنلاین کېدای شي او سفرونه ترلاسه کولی شي. تر هغه چې یو اړین سند تصدیق شوی نه وي، دا نه منل کېږي.	new — please check the Pashto
ops.vehicles.choose	Choose a vehicle to see its details and papers.	یک موتر را انتخاب کنید تا جزئیات و اسناد آن را ببینید.	یو موټر وټاکئ څو د هغه جزییات او اسناد ووینئ.	new — please check the Pashto
ops.vehicles.none	No vehicles match this filter.	هیچ موتری با این فیلتر مطابقت ندارد.	هیڅ موټر له دې فلټر سره سمون نه لري.	new — please check the Pashto
ops.vehicles.search	Plate, make or driver	نمبر پلیت، کمپنی یا راننده	د پلېټ شمېره، کمپنۍ یا چلوونکی	new — please check the Pashto
ops.support.choose	Choose a request to read it and answer.	یک درخواست را انتخاب کنید تا آن را بخوانید و جواب بدهید.	یوه غوښتنه وټاکئ څو یې ولولئ او ځواب یې ورکړئ.	new — please check the Pashto
ops.support.working	Open and in progress	باز و در حال بررسی	پرانیستې او په کتنه کې	new — please check the Pashto
ops.support.send_reply_confirm	Send this reply? The person who reported it will read it.	این جواب فرستاده شود؟ کسی که راپور داده آن را می‌خواند.	دا ځواب ولېږل شي؟ هغه څوک چې راپور یې ورکړی دا به ولولي.	new — please check the Pashto
ops.support.send_note_confirm	Save this as an internal note? Only staff will see it; the person who reported it never will.	این به عنوان یادداشت داخلی ذخیره شود؟ فقط کارمندان آن را می‌بینند؛ کسی که راپور داده هرگز نمی‌بیند.	دا د دننه یادښت په توګه خوندي شي؟ یوازې کارکوونکي به یې ویني؛ هغه څوک چې راپور یې ورکړی هیڅکله یې نه ویني.	new — please check the Pashto
ops.support.status_confirm	Move {reference} to “{status}”?	{reference} به «{status}» منتقل شود؟	{reference} «{status}» ته واړول شي؟	new — please check the Pashto
ops.audit.choose	Choose an entry to see exactly what changed.	یک مورد را انتخاب کنید تا ببینید دقیقاً چه تغییر کرده است.	یو ثبت وټاکئ څو ووینئ چې دقیقاً څه بدل شوي دي.	new — please check the Pashto
ops.audit.before	Before	قبل	مخکې	new — please check the Pashto
ops.audit.after	After	بعد	وروسته	new — please check the Pashto
ops.audit.actor_id	Account id	شناسه حساب	د حساب پېژند	new — please check the Pashto
ops.audit.entity_id	Record id	شناسه مورد	د توکي پېژند	new — please check the Pashto
ops.audit.origin	Source	منبع	سرچینه	new — please check the Pashto
ops.audit.filter_to	Show only {value}	فقط {value} نشان داده شود	یوازې {value} وښیه	new — please check the Pashto
ops.drivers.no_rating	No ratings yet	هنوز امتیاز ندارد	تر اوسه ستوری نه لري	new — please check the Pashto
ops.dispatch.none_at_risk	No departure is at risk right now.	فعلاً هیچ حرکتی در خطر نیست.	اوس مهال هیڅ حرکت په خطر کې نه دی.	new — please check the Pashto
ops.requests.no_offers	No driver has offered yet	هنوز هیچ راننده‌ای پیشنهاد نداده است	تر اوسه هیڅ چلوونکي وړاندیز نه دی ورکړی	new — please check the Pashto
ops.approvals.name_placeholder	The driver's full name	نام کامل راننده	د چلوونکي بشپړ نوم	new — please check the Pashto
admin.approvals.still_missing	Still missing: {list}	هنوز کم است: {list}	لا کم دي: {list}	new — please check the Pashto
ops.audit.only_this_actor	Only this person's actions	فقط کارهای همین شخص	یوازې د همدې کس کړنې	new — please check the Pashto
admin.nav.passengers	Passengers	مسافران	مسافر	new — please check the Pashto
admin.passengers.all	All passengers	همه مسافران	ټول مسافر	new — please check the Pashto
admin.passengers.search	Name or phone number	نام یا شماره تیلفون	نوم یا د تلیفون شمېره	new — please check the Pashto
admin.passengers.none	No passenger matches this search or filter.	هیچ مسافری با این جستجو یا فلتر مطابقت ندارد.	هېڅ مسافر له دې لټون یا فلټر سره سمون نه خوري.	new — please check the Pashto
admin.passengers.not_supported	This server does not provide the passenger list yet.	این سرور هنوز فهرست مسافران را ارائه نمی‌کند.	دا سرور تر اوسه د مسافرو لېست نه وړاندې کوي.	new — please check the Pashto
admin.passengers.not_found	This account was not found, or it has been deleted.	این حساب پیدا نشد، یا حذف شده است.	دا حساب ونه موندل شو، یا ړنګ شوی دی.	new — please check the Pashto
admin.user_status.active	Active	فعال	فعال	new — please check the Pashto
admin.user_status.suspended	Suspended	معلق	ځنډول شوی	new — please check the Pashto
admin.user_status.deactivated	Account closed	حساب بسته شده	حساب تړل شوی	new — please check the Pashto
admin.col.member_since	Member since	تاریخ عضویت	د غړیتوب نېټه	new — please check the Pashto
admin.col.last_active	Last active	آخرین فعالیت	وروستی فعالیت	new — please check the Pashto
admin.passengers.first_booking	First booking	اولین رزرو	لومړی ریزرف	new — please check the Pashto
admin.passengers.last_booking	Latest booking	آخرین رزرو	وروستی ریزرف	new — please check the Pashto
admin.passengers.also_driver	Also a driver	راننده هم است	چلوونکی هم دی	new — please check the Pashto
admin.passengers.open_driver	Open the driver record	باز کردن پرونده راننده	د چلوونکي دوسیه پرانیزئ	new — please check the Pashto
admin.passengers.activity	Bookings and requests	رزروها و درخواست‌ها	ریزرفونه او غوښتنې	new — please check the Pashto
admin.passengers.seats_booked	Seats booked	چوکی‌های رزروشده	نیول شوې چوکۍ	new — please check the Pashto
admin.passengers.spent	Fares paid	کرایه پرداخت‌شده	ورکړل شوې کرایه	new — please check the Pashto
admin.passengers.open_requests	Open ride requests	درخواست‌های سفر باز	د سفر پرانیستې غوښتنې	new — please check the Pashto
admin.passengers.requests_total	{count} requests in all	در مجموع {count} درخواست	ټولټال {count} غوښتنې	new — please check the Pashto
admin.passengers.recent_bookings	Latest bookings	آخرین رزروها	وروستي ریزرفونه	new — please check the Pashto
admin.passengers.no_tickets	This passenger has not contacted support.	این مسافر تا حال با پشتیبانی تماس نگرفته است.	دې مسافر تر اوسه له ملاتړ سره اړیکه نه ده نیولې.	new — please check the Pashto
admin.passengers.suspend_reason	Why is this passenger being suspended? Staff read this in the audit log.	چرا این مسافر تعلیق می‌شود؟ کارمندان این را در سابقه فعالیت می‌خوانند.	دا مسافر ولې ځنډول کېږي؟ کارکوونکي دا د فعالیت په ثبت کې لولي.	new — please check the Pashto
admin.passengers.suspend_hint	The account is shut at once: signing in is refused on every phone, and no new booking or ride request is accepted. Seats already booked are left as they are.	حساب فوراً بسته می‌شود: ورود از هیچ تیلفونی پذیرفته نمی‌شود و هیچ رزرو یا درخواست سفر تازه قبول نمی‌شود. چوکی‌هایی که از قبل رزرو شده‌اند به حال خود می‌مانند.	حساب سمدستي بندېږي: له هېڅ تلیفون څخه ننوتل نه منل کېږي، او هېڅ نوی ریزرف یا د سفر غوښتنه نه منل کېږي. هغه چوکۍ چې مخکې نیول شوې دي، همداسې پاتې کېږي.	new — please check the Pashto
admin.passengers.reinstate_reason	Why is this passenger being reinstated? Staff read this in the audit log.	چرا این مسافر دوباره فعال می‌شود؟ کارمندان این را در سابقه فعالیت می‌خوانند.	دا مسافر ولې بیا فعالېږي؟ کارکوونکي دا د فعالیت په ثبت کې لولي.	new — please check the Pashto
admin.passengers.reinstate_hint	The passenger can sign in, book seats and ask for rides again.	مسافر دوباره می‌تواند وارد شود، چوکی رزرو کند و درخواست سفر بدهد.	مسافر بیا ننوتلی شي، چوکۍ نیولی شي او د سفر غوښتنه کولی شي.	new — please check the Pashto
admin.passengers.suspend_on_trip	This passenger also drives and has passengers aboard right now. Suspend the account once that trip is over.	این مسافر راننده هم است و همین حالا مسافر در موتر دارد. حساب را بعد از پایان آن سفر تعلیق کنید.	دا مسافر چلوونکی هم دی او همدا اوس یې په موټر کې سپاره دي. کله چې هغه سفر پای ته ورسېږي، حساب وځنډوئ.	new — please check the Pashto
admin.action.reinstate	Reinstate	فعال‌سازی دوباره	بیا فعالول	new — please check the Pashto
admin.filter.one_person	Only this person	فقط همین شخص	یوازې همدا کس	new — please check the Pashto
admin.filter.show_everyone	Show everyone	نمایش همه	ټول وښیئ	new — please check the Pashto
admin.stat.passengers_new_today	New passengers today	مسافران تازه امروز	نن نوي مسافر	new — please check the Pashto
admin.stat.passengers_new_week	New passengers in the last 7 days	مسافران تازه در ۷ روز گذشته	په تېرو ۷ ورځو کې نوي مسافر	new — please check the Pashto
admin.stat.passengers_active_week	Active in the last 7 days	فعال در ۷ روز گذشته	په تېرو ۷ ورځو کې فعال	new — please check the Pashto
admin.stat.passengers_active_month	Active in the last 30 days	فعال در ۳۰ روز گذشته	په تېرو ۳۰ ورځو کې فعال	new — please check the Pashto
admin.stat.passengers_repeat	Travelled twice or more in the last 30 days	دو سفر یا بیشتر در ۳۰ روز گذشته	په تېرو ۳۰ ورځو کې دوه یا زیات سفرونه	new — please check the Pashto
admin.stat.passengers_with_request	With a ride request open	دارای درخواست سفر باز	د سفر پرانیستې غوښتنه لري	new — please check the Pashto
admin.week.signups_title	Sign-ups per day	ثبت‌نام‌ها در هر روز	په هره ورځ نوم‌لیکنې	new — please check the Pashto
admin.week.new_passengers	New passengers	مسافران تازه	نوي مسافر	new — please check the Pashto
admin.week.new_drivers	New drivers	رانندگان تازه	نوي چلوونکي	new — please check the Pashto
ops.passengers.search	Name or phone	نام یا شماره تلفن	نوم یا د تلیفون شمېره	new — please check the Pashto
ops.passengers.choose	Choose a passenger to see their bookings, requests and support history.	یک مسافر را انتخاب کنید تا رزروها، درخواست‌ها و سابقه پشتیبانی او را ببینید.	یو مسافر وټاکئ څو د هغه ریزرفونه، غوښتنې او د ملاتړ مخینه ووینئ.	new — please check the Pashto
ops.passengers.none	No passengers match this search or filter.	هیچ مسافری با این جستجو یا فیلتر مطابقت ندارد.	هیڅ مسافر له دې لټون یا فلټر سره سمون نه لري.	new — please check the Pashto
ops.passengers.empty	No passengers registered yet.	هنوز مسافری ثبت نشده است.	تر اوسه هېڅ مسافر ثبت شوی نه دی.	new — please check the Pashto
ops.passengers.needs_server_update	Part of this needs a newer server. It will appear after the next server update.	بخشی از این به نسخه جدیدتر سرور نیاز دارد و بعد از به‌روزرسانی بعدی سرور نشان داده می‌شود.	د دې یوه برخه د سرور نوې نسخې ته اړتیا لري او د سرور له راتلونکي تازه کېدو وروسته به ښکاره شي.	new — please check the Pashto
ops.passengers.status.active	Active	فعال	فعال	new — please check the Pashto
ops.passengers.status.suspended	Suspended	معلق	ځنډول شوی	new — please check the Pashto
ops.passengers.status.deactivated	Account closed	حساب بسته شده	حساب تړل شوی	new — please check the Pashto
ops.passengers.last_active	Last active	آخرین فعالیت	وروستی فعالیت	new — please check the Pashto
ops.passengers.copy_phone	Copy the number	کاپی کردن شماره	شمېره کاپي کړئ	new — please check the Pashto
ops.passengers.spent	Fares paid	کرایه‌های پرداخت‌شده	ورکړل شوې کرایې	new — please check the Pashto
ops.passengers.requests_total	Rides asked for	درخواست‌های سفر	د سفر غوښتنې	new — please check the Pashto
ops.passengers.open_requests	Waiting for offers now	اکنون منتظر پیشنهاد	اوس د وړاندیز په تمه	new — please check the Pashto
ops.passengers.tickets_total	Support requests in all	مجموع درخواست‌های پشتیبانی	د ملاتړ ټولې غوښتنې	new — please check the Pashto
ops.passengers.first_booking	First booking	اولین رزرو	لومړی ریزرف	new — please check the Pashto
ops.passengers.last_booking	Latest booking	آخرین رزرو	وروستی ریزرف	new — please check the Pashto
ops.passengers.recent_bookings	Recent bookings	رزروهای اخیر	وروستي ریزرفونه	new — please check the Pashto
ops.passengers.no_bookings	No bookings yet.	هنوز رزروی ندارد.	تر اوسه ریزرف نه لري.	new — please check the Pashto
ops.passengers.no_tickets	No support requests.	درخواست پشتیبانی ندارد.	د ملاتړ غوښتنه نه لري.	new — please check the Pashto
ops.passengers.also_driver	Also registered as a driver	به‌عنوان راننده هم ثبت شده است	د چلوونکي په توګه هم ثبت شوی دی	new — please check the Pashto
ops.passengers.open_driver	Open the driver profile	باز کردن مشخصات راننده	د چلوونکي پېژندنه پرانیزئ	new — please check the Pashto
ops.passengers.open	Open the passenger's page	باز کردن صفحه مسافر	د مسافر پاڼه پرانیزئ	new — please check the Pashto
ops.passengers.suspend_confirm	Suspend this passenger?	این مسافر تعلیق شود؟	دا مسافر وځنډول شي؟	new — please check the Pashto
ops.passengers.suspend_hint	The account can no longer sign in or book. Bookings already made play out as usual. An account driving passengers right now cannot be suspended.	این حساب دیگر نمی‌تواند وارد شود یا رزرو کند. رزروهای قبلی مانند معمول ادامه می‌یابند. حسابی که همین حالا مسافر می‌برد تعلیق شده نمی‌تواند.	دا حساب نور نه ننوتلی شي او نه ریزرف کولی شي. مخکیني ریزرفونه د معمول په څېر پر مخ ځي. هغه حساب چې همدا اوس مسافر وړي نه شي ځنډول کېدای.	new — please check the Pashto
ops.passengers.suspend_reason	Why is this account being suspended? Staff read this in the audit log.	چرا این حساب تعلیق می‌شود؟ کارمندان این را در سابقه فعالیت می‌خوانند.	ولې دا حساب ځنډول کېږي؟ کارکوونکي دا د فعالیت په ثبت کې لولي.	new — please check the Pashto
ops.passengers.reinstate	Reinstate	فعال‌سازی دوباره	بیا فعالول	new — please check the Pashto
ops.passengers.reinstate_confirm	Reinstate this passenger?	این مسافر دوباره فعال شود؟	دا مسافر بیا فعال شي؟	new — please check the Pashto
ops.passengers.reinstate_hint	The account can sign in and book again.	این حساب دوباره می‌تواند وارد شود و رزرو کند.	دا حساب بیا ننوتلی شي او ریزرف کولی شي.	new — please check the Pashto
ops.passengers.reinstate_reason	Why is this account being reinstated? Staff read this in the audit log.	چرا این حساب دوباره فعال می‌شود؟ کارمندان این را در سابقه فعالیت می‌خوانند.	ولې دا حساب بیا فعالېږي؟ کارکوونکي دا د فعالیت په ثبت کې لولي.	new — please check the Pashto
ops.passengers.stat.total	Registered	ثبت‌شده	ثبت شوي	new — please check the Pashto
ops.passengers.stat.new_today	New today	جدید امروز	نن نوي	new — please check the Pashto
ops.passengers.stat.new_7d	New in the last 7 days	جدید در ۷ روز گذشته	په تېرو ۷ ورځو کې نوي	new — please check the Pashto
ops.passengers.stat.active_7d	Active in the last 7 days	فعال در ۷ روز گذشته	په تېرو ۷ ورځو کې فعال	new — please check the Pashto
ops.passengers.stat.active_30d	Active in the last 30 days	فعال در ۳۰ روز گذشته	په تېرو ۳۰ ورځو کې فعال	new — please check the Pashto
ops.passengers.stat.repeat_30d	Repeat passengers, last 30 days	مسافران تکراری در ۳۰ روز گذشته	په تېرو ۳۰ ورځو کې تکراري مسافر	new — please check the Pashto
ops.week.signups_title	New sign-ups per day	ثبت‌نام‌های جدید در هر روز	په هره ورځ نوې نوم‌لیکنې	new — please check the Pashto
ops.week.new_passengers	New passengers	مسافران جدید	نوي مسافر	new — please check the Pashto
ops.week.new_drivers	New drivers	رانندگان جدید	نوي چلوونکي	new — please check the Pashto
admin.stat.passengers_suspended	Suspended passengers	مسافران معلق	ځنډول شوي مسافر	new — please check the Pashto
admin.passengers.only_note	Only people who travel are counted here; accounts that also drive or work for VELRO are left out.	اینجا فقط کسانی شمرده می‌شوند که سفر می‌کنند؛ حساب‌هایی که رانندگی هم می‌کنند یا کارمند ولرو هستند، شامل نیستند.	دلته یوازې هغه کسان شمېرل کېږي چې سفر کوي؛ هغه حسابونه چې موټر هم چلوي یا د ولرو کارکوونکي دي، پکې نه شمېرل کېږي.	new — please check the Pashto
